Site,Collection Date,Sample ID,Leave samples with AL initial for me to run :) They have very little sample left,Year,Sample Type,Species,Borrelia ,Tissue Extraction date  (day 1),Tissue Extraction individual LAST name,"OspA
nPCR date","OspA
nPCR person","OspA
nPCR result","OspA
gel date","OspA
gel person","OspA
Sequence Date",ospA_genotype,Genbank Accession # ospA,"OspA
Sequence Result",Notes,"OspB
nPCR date","OspB
nPCR person","OspB
nPCR result","OspB
gel date","OspB
gel person","OspB
Sequence Date",ospB_genotype,Genbank Accession # ospB,"OspB
Sequence Result",Notes,"p35
nPCR date",p35 PCR person,"p35
nPCR result","p35
gel date","p35
gel person","p35
Sequence Date",p35_genotype,Genbank Accession # p35,"p35
Sequence Result",Notes,"OspC
nPCR date","OspC
nPCR person","OspC
nPCR result","OspC
gel date","OspC
gel person","OspC
Sequence Date",ospC_genotype,Genbank Accession # ospC,"OspC
Sequence Result",Notes
CCSP,4/19/2018,18CCSP.340,AL,2018,Tick,IPAC,B. burgdorferi,10/15/18,Eric,2/6/25,Anahei,pos,2/7/25,Anahei,,,,,,,,,,,,,,,,n/a,n/a,n/a,n/a,n/a,n/a,n/a,n/a,n/a,n/a,n/a,n/a,n/a,n/a,n/a,n/a,n/a,n/a,n/a,n/a
CCSP,4/19/2018,18CCSP.342,Cant find,2018,Tick,IPAC,B. burgdorferi,10/15/18,Eric,n/a,n/a,n/a,n/a,n/a,n/a,n/a,n/a,n/a,n/a,n/a,n/a,n/a,n/a,n/a,n/a,n/a,n/a,n/a,n/a,n/a,n/a,n/a,n/a,n/a,n/a,n/a,n/a,n/a,n/a,n/a,n/a,n/a,n/a,n/a,n/a,n/a,n/a,n/a,n/a
CCSP,4/19/2018,18CCSP.502,AL,2018,Tick,IPAC,B. burgdorferi,10/15/18,Sukhie,2/6/25,Anahei,pos,2/7/25,Anahei,,,,,,,,,,,,,,,,n/a,n/a,n/a,n/a,n/a,n/a,n/a,n/a,n/a,n/a,n/a,n/a,n/a,n/a,n/a,n/a,n/a,n/a,n/a,n/a
CCSP,4/19/2018,18CCSP.605,,2018,Tick,IPAC,B. burgdorferi,10/22/18,Eric,,,,,,,,,,,,,,,,,,,,,n/a,n/a,n/a,n/a,n/a,n/a,n/a,n/a,n/a,n/a,n/a,n/a,n/a,n/a,n/a,n/a,n/a,n/a,n/a,n/a
CCSP,4/19/2018,18CCSP.613,,2018,Tick,IPAC,B. burgdorferi,10/22/18,Eric,,,,,,,,,,,,,,,,,,,,,n/a,n/a,n/a,n/a,n/a,n/a,n/a,n/a,n/a,n/a,n/a,n/a,n/a,n/a,n/a,n/a,n/a,n/a,n/a,n/a
CCSP,5/28/2018,18CCSP.723,AL,2018,Tick,IPAC,B. burgdorferi,10/22/18,Eric,2/6/25,Anahei,pos,2/7/25,Anahei,,,,,,,,,,,,,,,,n/a,n/a,n/a,n/a,n/a,n/a,n/a,n/a,n/a,n/a,n/a,n/a,n/a,n/a,n/a,n/a,n/a,n/a,n/a,n/a
CCSP,5/28/2018,18CCSP.734,AL,2018,Tick,IPAC,B. burgdorferi,10/29/18,Sukhie,2/6/25,Anahei,pos,2/7/25,Anahei,,,,,,,,,,,,,,,,n/a,n/a,n/a,n/a,n/a,n/a,n/a,n/a,n/a,n/a,n/a,n/a,n/a,n/a,n/a,n/a,n/a,n/a,n/a,n/a
CCSP,5/28/2018,18CCSP.777,,2018,Tick,IPAC,B. burgdorferi,11/1/18,Eric,,,,,,,,,,,,,,,,,,,,,n/a,n/a,n/a,n/a,n/a,n/a,n/a,n/a,n/a,n/a,n/a,n/a,n/a,n/a,n/a,n/a,n/a,n/a,n/a,n/a
CCSP,5/28/2018,18CCSP.778,,2018,Tick,IPAC,B. burgdorferi,11/1/18,Eric,,,,,,,,,,,,,,,,,,,,,n/a,n/a,n/a,n/a,n/a,n/a,n/a,n/a,n/a,n/a,n/a,n/a,n/a,n/a,n/a,n/a,n/a,n/a,n/a,n/a
CCSP,5/28/2018,18CCSP.779,,2018,Tick,IPAC,B. burgdorferi,11/1/18,Eric,,,,,,,,,,,,,,,,,,,,,n/a,n/a,n/a,n/a,n/a,n/a,n/a,n/a,n/a,n/a,n/a,n/a,n/a,n/a,n/a,n/a,n/a,n/a,n/a,n/a
CCSP,5/28/2018,18CCSP.795,AL,2018,Tick,IPAC,B. burgdorferi,11/1/18,Eric,2/6/25,Anahei,neg,2/7/25,Anahei,,,,,,,,,,,,,,,,n/a,n/a,n/a,n/a,n/a,n/a,n/a,n/a,n/a,n/a,n/a,n/a,n/a,n/a,n/a,n/a,n/a,n/a,n/a,n/a
CCSP,5/28/2018,18CCSP.797,,2018,Tick,IPAC,B. burgdorferi,11/1/18,Eric,,,,,,,,,,,,,,,,,,,,,n/a,n/a,n/a,n/a,n/a,n/a,n/a,n/a,n/a,n/a,n/a,n/a,n/a,n/a,n/a,n/a,n/a,n/a,n/a,n/a
CCSP,5/28/2018,18CCSP.810,,2018,Tick,IPAC,B. burgdorferi,11/7/18,Eric,,,,,,,,,,,,,,,,,,,,,n/a,n/a,n/a,n/a,n/a,n/a,n/a,n/a,n/a,n/a,n/a,n/a,n/a,n/a,n/a,n/a,n/a,n/a,n/a,n/a
CCSP,5/28/2018,18CCSP.823,,2018,Tick,IPAC,B. burgdorferi,11/7/18,Eric,,,,,,,,,,,,,,,,,,,,,n/a,n/a,n/a,n/a,n/a,n/a,n/a,n/a,n/a,n/a,n/a,n/a,n/a,n/a,n/a,n/a,n/a,n/a,n/a,n/a
CCSP,5/28/2018,18CCSP.827,AL,2018,Tick,IPAC,B. burgdorferi,11/7/18,Eric,2/6/25,Anahei,neg,2/7/25,Anahei,,,,,,,,,,,,,,,,n/a,n/a,n/a,n/a,n/a,n/a,n/a,n/a,n/a,n/a,n/a,n/a,n/a,n/a,n/a,n/a,n/a,n/a,n/a,n/a
CCSP,4/19/2018,18CCSP.527,AL,2018,Tick,IPAC,B. burgdorferi,12/1/18,Jordan,2/6/25,Anahei,neg,2/7/25,Anahei,,,,,,,,,,,,,,,,n/a,n/a,n/a,n/a,n/a,n/a,n/a,n/a,n/a,n/a,n/a,n/a,n/a,n/a,n/a,n/a,n/a,n/a,n/a,n/a
CCSP,4/19/2018,18CCSP.343,AL,2018,Tick,IPAC,B. burgdorferi,10/15/18,Eric,2/6/25,Anahei,neg,2/7/25,Anahei,,,,,,,,,,,,,,,,n/a,n/a,n/a,n/a,n/a,n/a,n/a,n/a,n/a,n/a,n/a,n/a,n/a,n/a,n/a,n/a,n/a,n/a,n/a,n/a
CCSP,4/19/2018,18CCSP.346,,2018,Tick,IPAC,B. burgdorferi ,10/15/18,Sukhie,,,,,,,,,,,,,,,,,,,,,n/a,n/a,n/a,n/a,n/a,n/a,n/a,n/a,n/a,n/a,n/a,n/a,n/a,n/a,n/a,n/a,n/a,n/a,n/a,n/a
CCSP,4/19/2018,18CCSP.501,,2018,Tick,IPAC,B. burgdorferi,10/15/18,Sukhie,,,,,,,,,,,,,,,,,,,,,n/a,n/a,n/a,n/a,n/a,n/a,n/a,n/a,n/a,n/a,n/a,n/a,n/a,n/a,n/a,n/a,n/a,n/a,n/a,n/a
CCSP,4/20/2018,18CCSP.263,,2018,Tick,IPAC,B. burgdorferi,10/15/18,Eric,,,,,,,,,,,,,,,,,,,,,n/a,n/a,n/a,n/a,n/a,n/a,n/a,n/a,n/a,n/a,n/a,n/a,n/a,n/a,n/a,n/a,n/a,n/a,n/a,n/a
CCSP,5/28/2018,18CCSP.801,AL,2018,Tick,IPAC,B. burgdorferi,11/1/18,Eric,2/6/25,Anahei,neg,2/7/25,Anahei,,,,,,,,,,,,,,,,n/a,n/a,n/a,n/a,n/a,n/a,n/a,n/a,n/a,n/a,n/a,n/a,n/a,n/a,n/a,n/a,n/a,n/a,n/a,n/a
CCSP,5/28/2018,18CCSP.826,,2018,Tick,IPAC,B. burgdorferi,11/7/18,Eric,,,,,,,,,,,,,,,,,,,,,n/a,n/a,n/a,n/a,n/a,n/a,n/a,n/a,n/a,n/a,n/a,n/a,n/a,n/a,n/a,n/a,n/a,n/a,n/a,n/a
CCSP,5/28/2018,18CCSP.828,,2018,Tick,IPAC,B. burgdorferi,11/7/18,Eric,,,,,,,,,,,,,,,,,,,,,n/a,n/a,n/a,n/a,n/a,n/a,n/a,n/a,n/a,n/a,n/a,n/a,n/a,n/a,n/a,n/a,n/a,n/a,n/a,n/a
CCSP,5/28/2018,18CCSP.812,,2018,Tick,IPAC,"B. burgdorferi, B. miyamotoi",11/7/18,Eric,,,,,,,,,,,,,,,,,,,,,n/a,n/a,n/a,n/a,n/a,n/a,n/a,n/a,n/a,n/a,n/a,n/a,n/a,n/a,n/a,n/a,n/a,n/a,n/a,n/a
FL,4/13/18,18FL.018,AL,2018,Tick,IPAC,B. burgdorferi,11/20/18,Sambado,2/6/25,Anahei,neg,2/7/25,Anahei,,,,,,,,,,,,,,,,n/a,n/a,n/a,n/a,n/a,n/a,n/a,n/a,n/a,n/a,n/a,n/a,n/a,n/a,n/a,n/a,n/a,n/a,n/a,n/a
FL,4/13/18,18FL.022,Not enough,2018,Tick,IPAC,B. burgdorferi,11/20/18,Sambado,n/a,n/a,n/a,n/a,n/a,n/a,n/a,n/a,n/a,n/a,n/a,n/a,n/a,n/a,n/a,n/a,n/a,n/a,n/a,n/a,n/a,n/a,n/a,n/a,n/a,n/a,n/a,n/a,n/a,n/a,n/a,n/a,n/a,n/a,n/a,n/a,n/a,n/a,n/a,n/a
FL,5/17/18,18FL.014,AL,2018,Tick,IPAC,B. burgdorferi,11/20/18,Sambado,2/6/25,Anahei,neg,2/7/25,Anahei,,,,,,,,,,,,,,,,n/a,n/a,n/a,n/a,n/a,n/a,n/a,n/a,n/a,n/a,n/a,n/a,n/a,n/a,n/a,n/a,n/a,n/a,n/a,n/a
FL,5/17/18,18FL.110,AL,2018,Tick,IPAC,B. burgdorferi,11/20/18,Sambado,2/6/25,Anahei,neg,2/7/25,Anahei,,,,,,,,,,,,,,,,n/a,n/a,n/a,n/a,n/a,n/a,n/a,n/a,n/a,n/a,n/a,n/a,n/a,n/a,n/a,n/a,n/a,n/a,n/a,n/a
FL,4/13/18,18FL.015,AL,2018,Tick,IPAC,B. burgdorferi,11/20/18,Sambado,2/6/25,Anahei,neg,2/7/25,Anahei,,,,,,,,,,,,,,,,n/a,n/a,n/a,n/a,n/a,n/a,n/a,n/a,n/a,n/a,n/a,n/a,n/a,n/a,n/a,n/a,n/a,n/a,n/a,n/a
HOS,5/21/18,18HOS.017,Not enough,2018,Tick,IPAC,B. burgdorferi,7/9/18,Jordan,n/a,n/a,n/a,n/a,n/a,n/a,n/a,n/a,n/a,n/a,n/a,n/a,n/a,n/a,n/a,n/a,n/a,n/a,n/a,n/a,n/a,n/a,n/a,n/a,n/a,n/a,n/a,n/a,n/a,n/a,n/a,n/a,n/a,n/a,n/a,n/a,n/a,n/a,n/a,n/a
HOS,5/21/18,18HOS.019,Not enough,2018,Tick,IPAC,B. burgdorferi,7/9/18,Jordan,n/a,n/a,n/a,n/a,n/a,n/a,n/a,n/a,n/a,n/a,n/a,n/a,n/a,n/a,n/a,n/a,n/a,n/a,n/a,n/a,n/a,n/a,n/a,n/a,n/a,n/a,n/a,n/a,n/a,n/a,n/a,n/a,n/a,n/a,n/a,n/a,n/a,n/a,n/a,n/a
HOS,5/21/18,18HOS.020,AL,2018,Tick,IPAC,B. burgdorferi,7/9/18,Jordan,2/6/25,Anahei,neg,2/7/25,Anahei,,,,,,,,,,,,,,,,n/a,n/a,n/a,n/a,n/a,n/a,n/a,n/a,n/a,n/a,n/a,n/a,n/a,n/a,n/a,n/a,n/a,n/a,n/a,n/a
HOS,5/21/18,18HOS.156,AL,2018,Tick,IPAC,B. burgdorferi,7/9/18,Jordan,in progress,,,,,,,,,,,,,,,,,,,,n/a,n/a,n/a,n/a,n/a,n/a,n/a,n/a,n/a,n/a,n/a,n/a,n/a,n/a,n/a,n/a,n/a,n/a,n/a,n/a
LFY,4/23/18,18LFY.071,,2018,Tick,IPAC,B. burgdorferi,8/1/18,Jordan,,,,,,,,,,,,,,,,,,,,,n/a,n/a,n/a,n/a,n/a,n/a,n/a,n/a,n/a,n/a,n/a,n/a,n/a,n/a,n/a,n/a,n/a,n/a,n/a,n/a
SLRP,5/20/2018,18SLRP.072,Cant find,2018,Tick,IPAC,B. burgdorferi,8/15/18,Jordan,n/a,n/a,n/a,n/a,n/a,n/a,n/a,n/a,n/a,n/a,n/a,n/a,n/a,n/a,n/a,n/a,n/a,n/a,n/a,n/a,n/a,n/a,n/a,n/a,n/a,n/a,n/a,n/a,n/a,n/a,n/a,n/a,n/a,n/a,n/a,n/a,n/a,n/a,n/a,n/a
SLRP,5/20/18,18SLRP.097,,2018,Tick,IPAC,B. burgdorferi,8/16/18,Jordan&Eric,,,,,,,,,,,,,,,,,,,,,n/a,n/a,n/a,n/a,n/a,n/a,n/a,n/a,n/a,n/a,n/a,n/a,n/a,n/a,n/a,n/a,n/a,n/a,n/a,n/a
SLRP,4/27/2018,18SLRP.043,AL,2018,Tick,IPAC,B. burgdorferi,8/14/18,Jordan,in progress,,,,,,,,,,,,,,,,,,,,n/a,n/a,n/a,n/a,n/a,n/a,n/a,n/a,n/a,n/a,n/a,n/a,n/a,n/a,n/a,n/a,n/a,n/a,n/a,n/a
SLRP,4/27/2018,18SLRP.065,AL,2018,Tick,IPAC,B. burgdorferi,8/15/18,Jordan,in progress,,,,,,,,,,,,,,,,,,,,n/a,n/a,n/a,n/a,n/a,n/a,n/a,n/a,n/a,n/a,n/a,n/a,n/a,n/a,n/a,n/a,n/a,n/a,n/a,n/a
SLRP,4/27/2018,18SLRP.071,AL,2018,Tick,IPAC,B. burgdorferi,8/15/18,Jordan,in progress,,,,,,,,,,,,,,,,,,,,n/a,n/a,n/a,n/a,n/a,n/a,n/a,n/a,n/a,n/a,n/a,n/a,n/a,n/a,n/a,n/a,n/a,n/a,n/a,n/a
SLRP,4/27/2018,18SLRP.002,Not enough,2018,Tick,IPAC,"B. burgdorferi, B. miyamotoi",8/14/18,Jordan,n/a,n/a,n/a,n/a,n/a,n/a,n/a,n/a,n/a,n/a,n/a,n/a,n/a,n/a,n/a,n/a,n/a,n/a,n/a,n/a,n/a,n/a,n/a,n/a,n/a,n/a,n/a,n/a,n/a,n/a,n/a,n/a,n/a,n/a,n/a,n/a,n/a,n/a,n/a,n/a
TUP,4/15/18,18TUP.089,,2018,Tick,IPAC,B. burgdorferi,8/27/18,Eric,,,,,,,,,,,,,,,,,,,,,n/a,n/a,n/a,n/a,n/a,n/a,n/a,n/a,n/a,n/a,n/a,n/a,n/a,n/a,n/a,n/a,n/a,n/a,n/a,n/a
WDLP,4/8/18,18WDLP.398,,2018,Tick,IPAC,B. burgdorferi,7/16/18,Jordan,,,,,,,,,,,,,,,,,,,,,n/a,n/a,n/a,n/a,n/a,n/a,n/a,n/a,n/a,n/a,n/a,n/a,n/a,n/a,n/a,n/a,n/a,n/a,n/a,n/a
WH,4/3/18,18WH.074,AL,2018,Tick,IPAC,B. burgdorferi,9/12/18,Sukhie,in progress,,,,,,,,,,,,,,,,,,,,n/a,n/a,n/a,n/a,n/a,n/a,n/a,n/a,n/a,n/a,n/a,n/a,n/a,n/a,n/a,n/a,n/a,n/a,n/a,n/a
WH,5/17/18,18WH.115,AL,2018,Tick,IPAC,B. burgdorferi,9/22/18,Eric,in progress,,,,,,,,,,,,,,,,,,,,n/a,n/a,n/a,n/a,n/a,n/a,n/a,n/a,n/a,n/a,n/a,n/a,n/a,n/a,n/a,n/a,n/a,n/a,n/a,n/a
WH,5/17/18,18WH.174,AL,2018,Tick,IPAC,B. burgdorferi,10/1/18,Eric,in progress,,,,,,,,,,,,,,,,,,,,n/a,n/a,n/a,n/a,n/a,n/a,n/a,n/a,n/a,n/a,n/a,n/a,n/a,n/a,n/a,n/a,n/a,n/a,n/a,n/a
WH,5/17/18,18WH.207,AL,2018,Tick,IPAC,B. burgdorferi,10/5/18,Sukhie,in progress,,,,,,,,,,,,,,,,,,,,n/a,n/a,n/a,n/a,n/a,n/a,n/a,n/a,n/a,n/a,n/a,n/a,n/a,n/a,n/a,n/a,n/a,n/a,n/a,n/a
WH,5/17/18,18WH.199,AL,2018,Tick,IPAC,B. burgdorferi,10/1/18,Eric,in progress,,,,,,,,,,,,,,,,,,,,n/a,n/a,n/a,n/a,n/a,n/a,n/a,n/a,n/a,n/a,n/a,n/a,n/a,n/a,n/a,n/a,n/a,n/a,n/a,n/a
WH,5/17/18,18WH.200,AL,2018,Tick,IPAC,B. burgdorferi,10/1/18,Eric,in progress,,,,,,,,,,,,,,,,,,,,n/a,n/a,n/a,n/a,n/a,n/a,n/a,n/a,n/a,n/a,n/a,n/a,n/a,n/a,n/a,n/a,n/a,n/a,n/a,n/a
WH,5/17/18,18WH.202,Not enough,2018,Tick,IPAC,B. burgdorferi,10/5/18,Sukhie,n/a,n/a,n/a,n/a,n/a,n/a,n/a,n/a,n/a,n/a,n/a,n/a,n/a,n/a,n/a,n/a,n/a,n/a,n/a,n/a,n/a,n/a,n/a,n/a,n/a,n/a,n/a,n/a,n/a,n/a,n/a,n/a,n/a,n/a,n/a,n/a,n/a,n/a,n/a,n/a
WH,5/17/18,18WH.204,Not enough,2018,Tick,IPAC,B. burgdorferi,10/5/18,Sukhie,n/a,n/a,n/a,n/a,n/a,n/a,n/a,n/a,n/a,n/a,n/a,n/a,n/a,n/a,n/a,n/a,n/a,n/a,n/a,n/a,n/a,n/a,n/a,n/a,n/a,n/a,n/a,n/a,n/a,n/a,n/a,n/a,n/a,n/a,n/a,n/a,n/a,n/a,n/a,n/a
WH,5/17/18,18WH.209,AL,2018,Tick,IPAC,B. burgdorferi,10/5/18,Sukhie,in progress,,,,,,,,,,,,,,,,,,,,n/a,n/a,n/a,n/a,n/a,n/a,n/a,n/a,n/a,n/a,n/a,n/a,n/a,n/a,n/a,n/a,n/a,n/a,n/a,n/a
WH,5/17/18,18WH.210,AL,2018,Tick,IPAC,B. burgdorferi,10/5/18,Sukhie,in progress,,,,,,,,,,,,,,,,,,,,n/a,n/a,n/a,n/a,n/a,n/a,n/a,n/a,n/a,n/a,n/a,n/a,n/a,n/a,n/a,n/a,n/a,n/a,n/a,n/a
WH,4/3/18,18WH.017,AL,2018,Tick,IPAC,"B. burgdorferi, B. miyamotoi",9/12/18,Sukhie,in progress,,,,,,,,,,,,,,,,,,,,n/a,n/a,n/a,n/a,n/a,n/a,n/a,n/a,n/a,n/a,n/a,n/a,n/a,n/a,n/a,n/a,n/a,n/a,n/a,n/a
WH,5/17/18,18WH.106,,2018,Tick,IPAC,"B. burgdorferi, B. miyamotoi",9/22/18,Eric,,,,,,,,,,,,,,,,,,,,,n/a,n/a,n/a,n/a,n/a,n/a,n/a,n/a,n/a,n/a,n/a,n/a,n/a,n/a,n/a,n/a,n/a,n/a,n/a,n/a
WP,5/7/2018,18WP.001,,2018,Tick,IPAC,B. burgdorferi,7/9/18,Jordan,,,,,,,,,,,,,,,,,,,,,n/a,n/a,n/a,n/a,n/a,n/a,n/a,n/a,n/a,n/a,n/a,n/a,n/a,n/a,n/a,n/a,n/a,n/a,n/a,n/a
JSCP,4/9/18,2388,,2018,Mammal,NEFU,B. bissettii,7/19/18,Crews,n/a,n/a,n/a,n/a,n/a,n/a,n/a,n/a,n/a,n/a,n/a,n/a,n/a,n/a,n/a,n/a,n/a,n/a,n/a,n/a,,,,,,,,,,,10/15/2018,Liliana,neg,,Liliana,,,,,
JSCP,4/9/18,2393,,2018,Mammal,NEFU,B. bissettii,7/19/18,Crews,n/a,n/a,n/a,n/a,n/a,n/a,n/a,n/a,n/a,n/a,n/a,n/a,n/a,n/a,n/a,n/a,n/a,n/a,n/a,n/a,,,,,,,,,,,2/20/25,Anahei,pos,2/21/25,Anahei,,,,,
JSCP,4/9/18,A193,,2018,Mammal,PETR,B. bissettii,7/18/18,Almarinez,n/a,n/a,n/a,n/a,n/a,n/a,n/a,n/a,n/a,n/a,n/a,n/a,n/a,n/a,n/a,n/a,n/a,n/a,n/a,n/a,,,,,,,,,,,,,,,,,,,,
SMI,4/15/18,A296,,2018,Mammal,MICA,B. burgdorferi,5/31/18,Crews,n/a,n/a,n/a,n/a,n/a,n/a,n/a,n/a,n/a,n/a,n/a,n/a,n/a,n/a,n/a,n/a,n/a,n/a,n/a,n/a,,,,,,,,,,,,,,,,,,,,
JSCP,4/9/18,A861,Cant find,2018,Mammal,NEFU,B. burgdorferi,n/a,n/a,n/a,n/a,n/a,n/a,n/a,n/a,n/a,n/a,n/a,n/a,n/a,n/a,n/a,n/a,n/a,n/a,n/a,n/a,n/a,n/a,n/a,n/a,n/a,n/a,n/a,n/a,n/a,n/a,n/a,n/a,n/a,n/a,n/a,n/a,n/a,n/a,n/a,n/a,n/a,n/a
CCSP,4/19/18,3253,,2018,Mammal,PEMA,B. burgdorferi,6/11/18,Crews,n/a,n/a,n/a,n/a,n/a,n/a,n/a,n/a,n/a,n/a,n/a,n/a,n/a,n/a,n/a,n/a,n/a,n/a,n/a,n/a,,,,,,,,,,,,,,,,,,,,
CCSP,4/19/18,3201,,2018,Mammal,NEFU,B. burgdorferi ,6/11/18,Crews,n/a,n/a,n/a,n/a,n/a,n/a,n/a,n/a,n/a,n/a,n/a,n/a,n/a,n/a,n/a,n/a,n/a,n/a,n/a,n/a,,,,,,,,,,,10/15/2018,Liliana,neg,,Liliana,,,,,
CCSP,4/19/18,3251,,2018,Mammal,PEMA,B. burgdorferi sl,6/11/18,Crews,n/a,n/a,n/a,n/a,n/a,n/a,n/a,n/a,n/a,n/a,n/a,n/a,n/a,n/a,n/a,n/a,n/a,n/a,n/a,n/a,,,,,,,,,,,,,,,,,,,,
JSCP,4/9/18,A803,,2018,Mammal,PETR,B. burgdorferi,7/23/18,Seredian,n/a,n/a,n/a,n/a,n/a,n/a,n/a,n/a,n/a,n/a,n/a,n/a,n/a,n/a,n/a,n/a,n/a,n/a,n/a,n/a,,,,,,,,,,,10/15/2018,Liliana,neg,,Liliana,,,,,
CCSP,4/29/19,19CCSP.002,,2019,Tick,IPAC,B. bissettii,5/20/19,Crews,,,,,,,,,,,,,,,,,,,,,n/a,n/a,n/a,n/a,n/a,n/a,n/a,n/a,n/a,n/a,n/a,n/a,n/a,n/a,n/a,n/a,n/a,n/a,n/a,n/a
CCSP,4/29/19,19CCSP.003,,2019,Tick,IPAC,B. bissettii,5/20/19,Crews,,,,,,,,,,,,,,,,,,,,,n/a,n/a,n/a,n/a,n/a,n/a,n/a,n/a,n/a,n/a,n/a,n/a,n/a,n/a,n/a,n/a,n/a,n/a,n/a,n/a
CCSP,4/29/19,19CCSP.005,Cant find,2019,Tick,IPAC,B. burgdorferi sl,5/20/19,Crews,n/a,n/a,n/a,n/a,n/a,n/a,n/a,n/a,n/a,n/a,n/a,n/a,n/a,n/a,n/a,n/a,n/a,n/a,n/a,n/a,n/a,n/a,n/a,n/a,n/a,n/a,n/a,n/a,n/a,n/a,n/a,n/a,n/a,n/a,n/a,n/a,n/a,n/a,n/a,n/a
CCSP,4/29/19,19CCSP.006,,2019,Tick,IPAC,B. bissettii,5/20/19,Crews,,,,,,,,,,,,,,,,,,,,,n/a,n/a,n/a,n/a,n/a,n/a,n/a,n/a,n/a,n/a,n/a,n/a,n/a,n/a,n/a,n/a,n/a,n/a,n/a,n/a
CCSP,4/29/19,19CCSP.008,AL,2019,Tick,IPAC,B. burgdorferi ,5/20/19,Crews,,,,,,,,,,,,,,,,,,,,,n/a,n/a,n/a,n/a,n/a,n/a,n/a,n/a,n/a,n/a,n/a,n/a,n/a,n/a,n/a,n/a,n/a,n/a,n/a,n/a
CCSP,5/1/19,19CCSP.017,,2019,Tick,IPAC,B. burgdorferi ,5/20/19,Crews,,,,,,,,,,,,,,,,,,,,,n/a,n/a,n/a,n/a,n/a,n/a,n/a,n/a,n/a,n/a,n/a,n/a,n/a,n/a,n/a,n/a,n/a,n/a,n/a,n/a
CCSP,5/1/19,19CCSP.018,,2019,Tick,IPAC,B. burgdorferi ,5/20/19,Crews,,,,,,,,,,,,,,,,,,,,,n/a,n/a,n/a,n/a,n/a,n/a,n/a,n/a,n/a,n/a,n/a,n/a,n/a,n/a,n/a,n/a,n/a,n/a,n/a,n/a
CCSP,4/29/19,19CCSP.025,AL,2019,Tick,IPAC,B. burgdorferi ,5/30/19,Laura,,,,,,,,,,,,,,,,,,,,,n/a,n/a,n/a,n/a,n/a,n/a,n/a,n/a,n/a,n/a,n/a,n/a,n/a,n/a,n/a,n/a,n/a,n/a,n/a,n/a
CCSP,4/29/19,19CCSP.029,AL,2019,Tick,IPAC,B. burgdorferi ,5/30/19,Laura,,,,,,,,,,,,,,,,,,,,,n/a,n/a,n/a,n/a,n/a,n/a,n/a,n/a,n/a,n/a,n/a,n/a,n/a,n/a,n/a,n/a,n/a,n/a,n/a,n/a
CCSP,4/29/19,19CCSP.037,,2019,Tick,IPAC,B. burgdorferi ,5/30/19,Laura,,,,,,,,,,,,,,,,,,,,,n/a,n/a,n/a,n/a,n/a,n/a,n/a,n/a,n/a,n/a,n/a,n/a,n/a,n/a,n/a,n/a,n/a,n/a,n/a,n/a
CCSP,4/29/19,19CCSP.038,AL,2019,Tick,IPAC,B. burgdorferi ,5/30/19,Laura,,,,,,,,,,,,,,,,,,,,,n/a,n/a,n/a,n/a,n/a,n/a,n/a,n/a,n/a,n/a,n/a,n/a,n/a,n/a,n/a,n/a,n/a,n/a,n/a,n/a
CCSP,4/29/19,19CCSP.039,,2019,Tick,IPAC,B. burgdorferi ,5/30/19,Laura,,,,,,,,,,,,,,,,,,,,,n/a,n/a,n/a,n/a,n/a,n/a,n/a,n/a,n/a,n/a,n/a,n/a,n/a,n/a,n/a,n/a,n/a,n/a,n/a,n/a
CCSP,4/29/19,19CCSP.040,AL,2019,Tick,IPAC,B. burgdorferi ,5/30/19,Laura,,,,,,,,,,,,,,,,,,,,,n/a,n/a,n/a,n/a,n/a,n/a,n/a,n/a,n/a,n/a,n/a,n/a,n/a,n/a,n/a,n/a,n/a,n/a,n/a,n/a
CCSP,4/29/19,19CCSP.043,,2019,Tick,IPAC,B. burgdorferi ,5/30/19,Laura,,,,,,,,,,,,,,,,,,,,,n/a,n/a,n/a,n/a,n/a,n/a,n/a,n/a,n/a,n/a,n/a,n/a,n/a,n/a,n/a,n/a,n/a,n/a,n/a,n/a
CCSP,4/29/19,19CCSP.046,AL,2019,Tick,IPAC,B. burgdorferi ,5/30/19,Laura,,,,,,,,,,,,,,,,,,,,,n/a,n/a,n/a,n/a,n/a,n/a,n/a,n/a,n/a,n/a,n/a,n/a,n/a,n/a,n/a,n/a,n/a,n/a,n/a,n/a
CCSP,4/29/19,19CCSP.048,,2019,Tick,IPAC,B. burgdorferi ,5/30/19,Laura,,,,,,,,,,,,,,,,,,,,,n/a,n/a,n/a,n/a,n/a,n/a,n/a,n/a,n/a,n/a,n/a,n/a,n/a,n/a,n/a,n/a,n/a,n/a,n/a,n/a
CCSP,4/29/19,19CCSP.050,,2019,Tick,IPAC,B. burgdorferi ,5/30/19,Laura,,,,,,,,,,,,,,,,,,,,,n/a,n/a,n/a,n/a,n/a,n/a,n/a,n/a,n/a,n/a,n/a,n/a,n/a,n/a,n/a,n/a,n/a,n/a,n/a,n/a
CCSP,4/29/19,19CCSP.054,AL,2019,Tick,IPAC,B. burgdorferi ,5/30/19,Laura,,,,,,,,,,,,,,,,,,,,,n/a,n/a,n/a,n/a,n/a,n/a,n/a,n/a,n/a,n/a,n/a,n/a,n/a,n/a,n/a,n/a,n/a,n/a,n/a,n/a
CCSP,4/29/19,19CCSP.058,,2019,Tick,IPAC,B. burgdorferi ,5/30/19,Laura,,,,,,,,,,,,,,,,,,,,,n/a,n/a,n/a,n/a,n/a,n/a,n/a,n/a,n/a,n/a,n/a,n/a,n/a,n/a,n/a,n/a,n/a,n/a,n/a,n/a
CCSP,4/29/19,19CCSP.062,,2019,Tick,IPAC,B. burgdorferi ,6/4/2019,Almarinez,,,,,,,,,,,,,,,,,,,,,n/a,n/a,n/a,n/a,n/a,n/a,n/a,n/a,n/a,n/a,n/a,n/a,n/a,n/a,n/a,n/a,n/a,n/a,n/a,n/a
CCSP,4/29/19,19CCSP.065,Not enough,2019,Tick,IPAC,B. burgdorferi ,6/4/2019,Almarinez,n/a,n/a,n/a,n/a,n/a,n/a,n/a,n/a,n/a,n/a,n/a,n/a,n/a,n/a,n/a,n/a,n/a,n/a,n/a,n/a,n/a,n/a,n/a,n/a,n/a,n/a,n/a,n/a,n/a,n/a,n/a,n/a,n/a,n/a,n/a,n/a,n/a,n/a,n/a,n/a
CCSP,4/29/19,19CCSP.066,,2019,Tick,IPAC,B. burgdorferi ,6/4/2019,Almarinez,,,,,,,,,,,,,,,,,,,,,n/a,n/a,n/a,n/a,n/a,n/a,n/a,n/a,n/a,n/a,n/a,n/a,n/a,n/a,n/a,n/a,n/a,n/a,n/a,n/a
CCSP,4/29/19,19CCSP.067,,2019,Tick,IPAC,B. burgdorferi ,6/4/2019,Almarinez,,,,,,,,,,,,,,,,,,,,,n/a,n/a,n/a,n/a,n/a,n/a,n/a,n/a,n/a,n/a,n/a,n/a,n/a,n/a,n/a,n/a,n/a,n/a,n/a,n/a
CCSP,4/29/19,19CCSP.071,,2019,Tick,IPAC,B. burgdorferi ,6/11/19,Almarinez,,,,,,,,,,,,,,,,,,,,,n/a,n/a,n/a,n/a,n/a,n/a,n/a,n/a,n/a,n/a,n/a,n/a,n/a,n/a,n/a,n/a,n/a,n/a,n/a,n/a
CCSP,4/29/19,19CCSP.072,,2019,Tick,IPAC,B. burgdorferi ,6/11/19,Almarinez,,,,,,,,,,,,,,,,,,,,,n/a,n/a,n/a,n/a,n/a,n/a,n/a,n/a,n/a,n/a,n/a,n/a,n/a,n/a,n/a,n/a,n/a,n/a,n/a,n/a
CCSP,4/29/19,19CCSP.076,,2019,Tick,IPAC,B. burgdorferi ,6/11/19,Almarinez,,,,,,,,,,,,,,,,,,,,,n/a,n/a,n/a,n/a,n/a,n/a,n/a,n/a,n/a,n/a,n/a,n/a,n/a,n/a,n/a,n/a,n/a,n/a,n/a,n/a
CCSP,4/29/19,19CCSP.088,Not enough,2019,Tick,IPAC,B. burgdorferi ,6/14/2019,Steckhahn,n/a,n/a,n/a,n/a,n/a,n/a,n/a,n/a,n/a,n/a,n/a,n/a,n/a,n/a,n/a,n/a,n/a,n/a,n/a,n/a,n/a,n/a,n/a,n/a,n/a,n/a,n/a,n/a,n/a,n/a,n/a,n/a,n/a,n/a,n/a,n/a,n/a,n/a,n/a,n/a
CCSP,4/29/19,19CCSP.094,Cant find,2019,Tick,IPAC,B. burgdorferi ,6/14/2019,Steckhahn,n/a,n/a,n/a,n/a,n/a,n/a,n/a,n/a,n/a,n/a,n/a,n/a,n/a,n/a,n/a,n/a,n/a,n/a,n/a,n/a,n/a,n/a,n/a,n/a,n/a,n/a,n/a,n/a,n/a,n/a,n/a,n/a,n/a,n/a,n/a,n/a,n/a,n/a,n/a,n/a
CCSP,6/3/19,19CCSP.095,,2019,Tick,IPAC,B. burgdorferi ,6/18/2019,Almarinez,,,,,,,,,,,,,,,,,,,,,n/a,n/a,n/a,n/a,n/a,n/a,n/a,n/a,n/a,n/a,n/a,n/a,n/a,n/a,n/a,n/a,n/a,n/a,n/a,n/a
CCSP,6/3/19,19CCSP.097,,2019,Tick,IPAC,B. burgdorferi ,6/18/2019,Almarinez,,,,,,,,,,,,,,,,,,,,,n/a,n/a,n/a,n/a,n/a,n/a,n/a,n/a,n/a,n/a,n/a,n/a,n/a,n/a,n/a,n/a,n/a,n/a,n/a,n/a
CCSP,6/3/19,19CCSP.099,,2019,Tick,IPAC,B. burgdorferi ,6/18/2019,Almarinez,,,,,,,,,,,,,,,,,,,,,n/a,n/a,n/a,n/a,n/a,n/a,n/a,n/a,n/a,n/a,n/a,n/a,n/a,n/a,n/a,n/a,n/a,n/a,n/a,n/a
CCSP,6/3/19,19CCSP.101,Not enough,2019,Tick,IPAC,B. burgdorferi ,6/18/2019,Almarinez,n/a,n/a,n/a,n/a,n/a,n/a,n/a,n/a,n/a,n/a,n/a,n/a,n/a,n/a,n/a,n/a,n/a,n/a,n/a,n/a,n/a,n/a,n/a,n/a,n/a,n/a,n/a,n/a,n/a,n/a,n/a,n/a,n/a,n/a,n/a,n/a,n/a,n/a,n/a,n/a
CCSP,6/3/19,19CCSP.102,,2019,Tick,IPAC,B. burgdorferi ,6/18/2019,Almarinez,,,,,,,,,,,,,,,,,,,,,n/a,n/a,n/a,n/a,n/a,n/a,n/a,n/a,n/a,n/a,n/a,n/a,n/a,n/a,n/a,n/a,n/a,n/a,n/a,n/a
CCSP,6/3/19,19CCSP.106,,2019,Tick,IPAC,B. burgdorferi ,6/18/2019,Almarinez,,,,,,,,,,,,,,,,,,,,,n/a,n/a,n/a,n/a,n/a,n/a,n/a,n/a,n/a,n/a,n/a,n/a,n/a,n/a,n/a,n/a,n/a,n/a,n/a,n/a
CCSP,6/3/19,19CCSP.109,,2019,Tick,IPAC,B. burgdorferi ,6/18/2019,Almarinez,,,,,,,,,,,,,,,,,,,,,n/a,n/a,n/a,n/a,n/a,n/a,n/a,n/a,n/a,n/a,n/a,n/a,n/a,n/a,n/a,n/a,n/a,n/a,n/a,n/a
CCSP,6/3/19,19CCSP.110,AL,2019,Tick,IPAC,B. burgdorferi ,6/18/2019,Almarinez,,,,,,,,,,,,,,,,,,,,,n/a,n/a,n/a,n/a,n/a,n/a,n/a,n/a,n/a,n/a,n/a,n/a,n/a,n/a,n/a,n/a,n/a,n/a,n/a,n/a
CCSP,6/3/19,19CCSP.111,AL,2019,Tick,IPAC,B. burgdorferi ,6/19/2019,Almarinez,,,,,,,,,,,,,,,,,,,,,n/a,n/a,n/a,n/a,n/a,n/a,n/a,n/a,n/a,n/a,n/a,n/a,n/a,n/a,n/a,n/a,n/a,n/a,n/a,n/a
CCSP,6/3/19,19CCSP.116,Not enough,2019,Tick,IPAC,B. burgdorferi ,6/19/2019,Almarinez,n/a,n/a,n/a,n/a,n/a,n/a,n/a,n/a,n/a,n/a,n/a,n/a,n/a,n/a,n/a,n/a,n/a,n/a,n/a,n/a,n/a,n/a,n/a,n/a,n/a,n/a,n/a,n/a,n/a,n/a,n/a,n/a,n/a,n/a,n/a,n/a,n/a,n/a,n/a,n/a
CCSP,6/3/19,19CCSP.127,Not enough,2019,Tick,IPAC,B. burgdorferi ,6/19/2019,Almarinez,n/a,n/a,n/a,n/a,n/a,n/a,n/a,n/a,n/a,n/a,n/a,n/a,n/a,n/a,n/a,n/a,n/a,n/a,n/a,n/a,n/a,n/a,n/a,n/a,n/a,n/a,n/a,n/a,n/a,n/a,n/a,n/a,n/a,n/a,n/a,n/a,n/a,n/a,n/a,n/a
CCSP,6/3/19,19CCSP.128,Not enough,2019,Tick,IPAC,B. burgdorferi ,6/19/2019,Almarinez,n/a,n/a,n/a,n/a,n/a,n/a,n/a,n/a,n/a,n/a,n/a,n/a,n/a,n/a,n/a,n/a,n/a,n/a,n/a,n/a,n/a,n/a,n/a,n/a,n/a,n/a,n/a,n/a,n/a,n/a,n/a,n/a,n/a,n/a,n/a,n/a,n/a,n/a,n/a,n/a
CCSP,6/3/19,19CCSP.132,Not enough,2019,Tick,IPAC,B. burgdorferi sl,6/24/2019,Almarinez,n/a,n/a,n/a,n/a,n/a,n/a,n/a,n/a,n/a,n/a,n/a,n/a,n/a,n/a,n/a,n/a,n/a,n/a,n/a,n/a,n/a,n/a,n/a,n/a,n/a,n/a,n/a,n/a,n/a,n/a,n/a,n/a,n/a,n/a,n/a,n/a,n/a,n/a,n/a,n/a
CCSP,6/3/19,19CCSP.135,Not enough,2019,Tick,IPAC,B. burgdorferi ,6/24/2019,Almarinez,n/a,n/a,n/a,n/a,n/a,n/a,n/a,n/a,n/a,n/a,n/a,n/a,n/a,n/a,n/a,n/a,n/a,n/a,n/a,n/a,n/a,n/a,n/a,n/a,n/a,n/a,n/a,n/a,n/a,n/a,n/a,n/a,n/a,n/a,n/a,n/a,n/a,n/a,n/a,n/a
CCSP,6/3/19,19CCSP.136,,2019,Tick,IPAC,B. burgdorferi ,6/24/2019,Almarinez,,,,,,,,,,,,,,,,,,,,,n/a,n/a,n/a,n/a,n/a,n/a,n/a,n/a,n/a,n/a,n/a,n/a,n/a,n/a,n/a,n/a,n/a,n/a,n/a,n/a
CCSP,6/3/19,19CCSP.138,,2019,Tick,IPAC,B. burgdorferi ,6/24/2019,Almarinez,,,,,,,,,,,,,,,,,,,,,n/a,n/a,n/a,n/a,n/a,n/a,n/a,n/a,n/a,n/a,n/a,n/a,n/a,n/a,n/a,n/a,n/a,n/a,n/a,n/a
CCSP,6/3/19,19CCSP.139,,2019,Tick,IPAC,B. burgdorferi ,6/24/2019,Almarinez,,,,,,,,,,,,,,,,,,,,,n/a,n/a,n/a,n/a,n/a,n/a,n/a,n/a,n/a,n/a,n/a,n/a,n/a,n/a,n/a,n/a,n/a,n/a,n/a,n/a
CCSP,6/3/19,19CCSP.143,AL,2019,Tick,IPAC,B. burgdorferi ,7/1/2019,Almarinez,,,,,,,,,,,,,,,,,,,,,n/a,n/a,n/a,n/a,n/a,n/a,n/a,n/a,n/a,n/a,n/a,n/a,n/a,n/a,n/a,n/a,n/a,n/a,n/a,n/a
CCSP,6/3/19,19CCSP.145,,2019,Tick,IPAC,B. burgdorferi ,7/1/2019,Almarinez,,,,,,,,,,,,,,,,,,,,,n/a,n/a,n/a,n/a,n/a,n/a,n/a,n/a,n/a,n/a,n/a,n/a,n/a,n/a,n/a,n/a,n/a,n/a,n/a,n/a
CCSP,6/3/19,19CCSP.152,,2019,Tick,IPAC,B. burgdorferi ,07/01/19,Crews,,,,,,,,,,,,,,,,,,,,,n/a,n/a,n/a,n/a,n/a,n/a,n/a,n/a,n/a,n/a,n/a,n/a,n/a,n/a,n/a,n/a,n/a,n/a,n/a,n/a
CCSP,6/3/19,19CCSP.154,Cant find,2019,Tick,IPAC,B. burgdorferi sl,07/01/19,Crews,n/a,n/a,n/a,n/a,n/a,n/a,n/a,n/a,n/a,n/a,n/a,n/a,n/a,n/a,n/a,n/a,n/a,n/a,n/a,n/a,n/a,n/a,n/a,n/a,n/a,n/a,n/a,n/a,n/a,n/a,n/a,n/a,n/a,n/a,n/a,n/a,n/a,n/a,n/a,n/a
CCSP,6/3/19,19CCSP.161,,2019,Tick,IPAC,B. burgdorferi ,07/01/19,Crews,,,,,,,,,,,,,,,,,,,,,n/a,n/a,n/a,n/a,n/a,n/a,n/a,n/a,n/a,n/a,n/a,n/a,n/a,n/a,n/a,n/a,n/a,n/a,n/a,n/a
CCSP,6/3/19,19CCSP.165,Not enough,2019,Tick,IPAC,B. burgdorferi sl,07/01/19,Crews,n/a,n/a,n/a,n/a,n/a,n/a,n/a,n/a,n/a,n/a,n/a,n/a,n/a,n/a,n/a,n/a,n/a,n/a,n/a,n/a,n/a,n/a,n/a,n/a,n/a,n/a,n/a,n/a,n/a,n/a,n/a,n/a,n/a,n/a,n/a,n/a,n/a,n/a,n/a,n/a
CCSP,6/3/19,19CCSP.166,,2019,Tick,IPAC,B. burgdorferi ,7/8/2019,Almarinez,,,,,,,,,,,,,,,,,,,,,n/a,n/a,n/a,n/a,n/a,n/a,n/a,n/a,n/a,n/a,n/a,n/a,n/a,n/a,n/a,n/a,n/a,n/a,n/a,n/a
FL,5/9/19,19FL.009,Cant find,2019,Tick,IPAC,B. burgdorferi ,8/17/19,Crews,n/a,n/a,n/a,n/a,n/a,n/a,n/a,n/a,n/a,n/a,n/a,n/a,n/a,n/a,n/a,n/a,n/a,n/a,n/a,n/a,n/a,n/a,n/a,n/a,n/a,n/a,n/a,n/a,n/a,n/a,n/a,n/a,n/a,n/a,n/a,n/a,n/a,n/a,n/a,n/a
FL,5/9/19,19FL.010,AL,2019,Tick,IPAC,B. burgdorferi ,8/17/19,Crews,,,,,,,,,,,,,,,,,,,,,n/a,n/a,n/a,n/a,n/a,n/a,n/a,n/a,n/a,n/a,n/a,n/a,n/a,n/a,n/a,n/a,n/a,n/a,n/a,n/a
LFY,5/14/19,19LFY.014,AL,2019,Tick,IPAC,B. burgdorferi ,8/17/19,Crews,,,,,,,,,,,,,,,,,,,,,n/a,n/a,n/a,n/a,n/a,n/a,n/a,n/a,n/a,n/a,n/a,n/a,n/a,n/a,n/a,n/a,n/a,n/a,n/a,n/a
LFY,5/14/19,19LFY.016,Not enough,2019,Tick,IPAC,B. burgdorferi sl,8/17/19,Crews,n/a,n/a,n/a,n/a,n/a,n/a,n/a,n/a,n/a,n/a,n/a,n/a,n/a,n/a,n/a,n/a,n/a,n/a,n/a,n/a,n/a,n/a,n/a,n/a,n/a,n/a,n/a,n/a,n/a,n/a,n/a,n/a,n/a,n/a,n/a,n/a,n/a,n/a,n/a,n/a
LFY,6/4/2019,19LFY.112,,2019,Tick,IPAC,B. burgdorferi ,8/17/19,Crews,,,,,,,,,,,,,,,,,,,,,n/a,n/a,n/a,n/a,n/a,n/a,n/a,n/a,n/a,n/a,n/a,n/a,n/a,n/a,n/a,n/a,n/a,n/a,n/a,n/a
SLRP,6/9/19,19SLRP.008,,2019,Tick,IPAC,B. burgdorferi ,8/17/19,Crews,,,,,,,,,,,,,,,,,,,,,n/a,n/a,n/a,n/a,n/a,n/a,n/a,n/a,n/a,n/a,n/a,n/a,n/a,n/a,n/a,n/a,n/a,n/a,n/a,n/a
SLRP,6/9/19,19SLRP.011,,2019,Tick,IPAC,B. burgdorferi ,8/17/19,Crews,,,,,,,,,,,,,,,,,,,,,n/a,n/a,n/a,n/a,n/a,n/a,n/a,n/a,n/a,n/a,n/a,n/a,n/a,n/a,n/a,n/a,n/a,n/a,n/a,n/a
SLRP,6/9/19,19SLRP.019,,2019,Tick,IPAC,B. burgdorferi ,8/17/19,Crews,,,,,,,,,,,,,,,,,,,,,n/a,n/a,n/a,n/a,n/a,n/a,n/a,n/a,n/a,n/a,n/a,n/a,n/a,n/a,n/a,n/a,n/a,n/a,n/a,n/a
SLRP,5/29/19,19SLRP.048,,2019,Tick,IPAC,B. burgdorferi ,8/17/19,Crews,,,,,,,,,,,,,,,,,,,,,n/a,n/a,n/a,n/a,n/a,n/a,n/a,n/a,n/a,n/a,n/a,n/a,n/a,n/a,n/a,n/a,n/a,n/a,n/a,n/a
WH,4/23/19,19WH.003,,2019,Tick,IPAC,B. burgdorferi sl,5/20/19,Crews,,,,,,,,,,,,,,,,,,,,,n/a,n/a,n/a,n/a,n/a,n/a,n/a,n/a,n/a,n/a,n/a,n/a,n/a,n/a,n/a,n/a,n/a,n/a,n/a,n/a
WH,6/12/19,19WH.026,,2019,Tick,IPAC,B. burgdorferi ,7/12/19,Crews,,,,,,,,,,,,,,,,,,,,,n/a,n/a,n/a,n/a,n/a,n/a,n/a,n/a,n/a,n/a,n/a,n/a,n/a,n/a,n/a,n/a,n/a,n/a,n/a,n/a
JSCP,5/22/19,2388,,2019,Mammal,NEFU,B. bissettii,8/27/2019,Tran,n/a,n/a,n/a,n/a,n/a,n/a,n/a,n/a,n/a,n/a,n/a,n/a,n/a,n/a,n/a,n/a,n/a,n/a,n/a,n/a,,,,,,,,,,,,,,,,,,,,
TIL,5/22/19,A656,,2019,Mammal,PETR,B. bissettii,08/07/2019,Steckhahn,n/a,n/a,n/a,n/a,n/a,n/a,n/a,n/a,n/a,n/a,n/a,n/a,n/a,n/a,n/a,n/a,n/a,n/a,n/a,n/a,,,,,,,,,,,,,,,,,,,,
TIL,5/22/19,2928,,2019,Mammal,PETR,B. bissettii,08/14/19,Koczela,n/a,n/a,n/a,n/a,n/a,n/a,n/a,n/a,n/a,n/a,n/a,n/a,n/a,n/a,n/a,n/a,n/a,n/a,n/a,n/a,,,,,,,,,,,,,,,,,,,,
PUG,4/24/19,A913,,2019,Mammal,NEFU,B. burgdorferi,7/15/19,Lilly,n/a,n/a,n/a,n/a,n/a,n/a,n/a,n/a,n/a,n/a,n/a,n/a,n/a,n/a,n/a,n/a,n/a,n/a,n/a,n/a,,,,,,,,,,,,,,,,,,,,
PUG,4/26/19,A917,,2019,Mammal,NEFU,B. burgdorferi,7/15/19,Lilly,n/a,n/a,n/a,n/a,n/a,n/a,n/a,n/a,n/a,n/a,n/a,n/a,n/a,n/a,n/a,n/a,n/a,n/a,n/a,n/a,,,,,,,,,,,,,,,,,,,,
JSCP,5/22/19,A801,,2019,Mammal,NEFU,B. burgdorferi,08/14/2019,Tran,n/a,n/a,n/a,n/a,n/a,n/a,n/a,n/a,n/a,n/a,n/a,n/a,n/a,n/a,n/a,n/a,n/a,n/a,n/a,n/a,,,,,,,,,,,,,,,,,,,,
JSCP,5/23/19,A196,,2019,Mammal,NEFU,B. burgdorferi,08/14/2019,Steckhahn,n/a,n/a,n/a,n/a,n/a,n/a,n/a,n/a,n/a,n/a,n/a,n/a,n/a,n/a,n/a,n/a,n/a,n/a,n/a,n/a,,,,,,,,,,,,,,,,,,,,
CCSP,4/29/19,S259,,2019,Mammal,PEMA,B. burgdorferi,7/15/19,Lilly,n/a,n/a,n/a,n/a,n/a,n/a,n/a,n/a,n/a,n/a,n/a,n/a,n/a,n/a,n/a,n/a,n/a,n/a,n/a,n/a,,,,,,,,,,,,,,,,,,,,
CCSP,4/30/19,A035,,2019,Mammal,PEMA,B. burgdorferi,9/4/19,Tran,n/a,n/a,n/a,n/a,n/a,n/a,n/a,n/a,n/a,n/a,n/a,n/a,n/a,n/a,n/a,n/a,n/a,n/a,n/a,n/a,,,,,,,,,,,,,,,,,,,,
CCSP,4/29/19,A032,,2019,Mammal,PEMA,B. burgdorferi,9/10/19,Tran,n/a,n/a,n/a,n/a,n/a,n/a,n/a,n/a,n/a,n/a,n/a,n/a,n/a,n/a,n/a,n/a,n/a,n/a,n/a,n/a,,,,,,,,,,,,,,,,,,,,
PUG,4/24/19,A912,,2019,Mammal,PETR,B. burgdorferi,7/15/19,Lilly,n/a,n/a,n/a,n/a,n/a,n/a,n/a,n/a,n/a,n/a,n/a,n/a,n/a,n/a,n/a,n/a,n/a,n/a,n/a,n/a,,,,,,,,,,,,,,,,,,,,
PUG,4/24/19,A911,,2019,Mammal,PETR,B. burgdorferi,7/15/19,Lilly,n/a,n/a,n/a,n/a,n/a,n/a,n/a,n/a,n/a,n/a,n/a,n/a,n/a,n/a,n/a,n/a,n/a,n/a,n/a,n/a,,,,,,,,,,,,,,,,,,,,
PUG,4/25/19,A915,,2019,Mammal,PETR,B. burgdorferi,7/15/19,Lilly,n/a,n/a,n/a,n/a,n/a,n/a,n/a,n/a,n/a,n/a,n/a,n/a,n/a,n/a,n/a,n/a,n/a,n/a,n/a,n/a,,,,,,,,,,,,,,,,,,,,
PUG,4/26/19,A916,,2019,Mammal,PETR,B. burgdorferi,7/15/19,Lilly,n/a,n/a,n/a,n/a,n/a,n/a,n/a,n/a,n/a,n/a,n/a,n/a,n/a,n/a,n/a,n/a,n/a,n/a,n/a,n/a,,,,,,,,,,,,,,,,,,,,
PUG,4/24/19,A986,,2019,Mammal,PETR,B. burgdorferi,7/15/19,Lilly,n/a,n/a,n/a,n/a,n/a,n/a,n/a,n/a,n/a,n/a,n/a,n/a,n/a,n/a,n/a,n/a,n/a,n/a,n/a,n/a,,,,,,,,,,,,,,,,,,,,
PUG,4/25/19,3312,,2019,Mammal,PETR,B. burgdorferi,7/15/19,Lilly,n/a,n/a,n/a,n/a,n/a,n/a,n/a,n/a,n/a,n/a,n/a,n/a,n/a,n/a,n/a,n/a,n/a,n/a,n/a,n/a,,,,,,,,,,,,,,,,,,,,
PUG,4/25/19,3311,,2019,Mammal,PETR,B. burgdorferi,7/15/19,Lilly,n/a,n/a,n/a,n/a,n/a,n/a,n/a,n/a,n/a,n/a,n/a,n/a,n/a,n/a,n/a,n/a,n/a,n/a,n/a,n/a,,,,,,,,,,,,,,,,,,,,
TIL,5/22/19,A689,,2019,Mammal,PETR,B. burgdorferi,08/14/19,Koczela,n/a,n/a,n/a,n/a,n/a,n/a,n/a,n/a,n/a,n/a,n/a,n/a,n/a,n/a,n/a,n/a,n/a,n/a,n/a,n/a,,,,,,,,,,,,,,,,,,,,
TIL,5/22/19,A691,,2019,Mammal,PETR,B. burgdorferi,08/14/19,Koczela,n/a,n/a,n/a,n/a,n/a,n/a,n/a,n/a,n/a,n/a,n/a,n/a,n/a,n/a,n/a,n/a,n/a,n/a,n/a,n/a,,,,,,,,,,,,,,,,,,,,
TIL,5/23/19,A696,,2019,Mammal,PETR,B. burgdorferi,08/14/19,Koczela,n/a,n/a,n/a,n/a,n/a,n/a,n/a,n/a,n/a,n/a,n/a,n/a,n/a,n/a,n/a,n/a,n/a,n/a,n/a,n/a,,,,,,,,,,,,,,,,,,,,
TIL,5/22/19,2929,,2019,Mammal,PETR,B. burgdorferi,08/14/2019,Steckhahn,n/a,n/a,n/a,n/a,n/a,n/a,n/a,n/a,n/a,n/a,n/a,n/a,n/a,n/a,n/a,n/a,n/a,n/a,n/a,n/a,,,,,,,,,,,,,,,,,,,,
TIL,5/22/19,2930,,2019,Mammal,PETR,B. burgdorferi,08/14/2019,Steckhahn,n/a,n/a,n/a,n/a,n/a,n/a,n/a,n/a,n/a,n/a,n/a,n/a,n/a,n/a,n/a,n/a,n/a,n/a,n/a,n/a,,,,,,,,,,,,,,,,,,,,
TIL,5/23/19,2931,,2019,Mammal,PETR,B. burgdorferi,08/14/2019,Steckhahn,n/a,n/a,n/a,n/a,n/a,n/a,n/a,n/a,n/a,n/a,n/a,n/a,n/a,n/a,n/a,n/a,n/a,n/a,n/a,n/a,,,,,,,,,,,,,,,,,,,,
JSCP,5/22/19,S241,,2019,Mammal,PETR,B. burgdorferi,08/14/2019,Tran,n/a,n/a,n/a,n/a,n/a,n/a,n/a,n/a,n/a,n/a,n/a,n/a,n/a,n/a,n/a,n/a,n/a,n/a,n/a,n/a,,,,,,,,,,,,,,,,,,,,
JSCP,5/22/19,3355,,2019,Mammal,PETR,B. burgdorferi,08/14/2019,Tran,n/a,n/a,n/a,n/a,n/a,n/a,n/a,n/a,n/a,n/a,n/a,n/a,n/a,n/a,n/a,n/a,n/a,n/a,n/a,n/a,,,,,,,,,,,,,,,,,,,,
JSCP,5/23/19,3359,,2019,Mammal,PETR,B. burgdorferi,9/18/19,Steckhahn,n/a,n/a,n/a,n/a,n/a,n/a,n/a,n/a,n/a,n/a,n/a,n/a,n/a,n/a,n/a,n/a,n/a,n/a,n/a,n/a,,,,,,,,,,,,,,,,,,,,
JSCP,5/24/19,2918,,2019,Mammal,PETR,B. burgdorferi,08/14/2019,Steckhahn,n/a,n/a,n/a,n/a,n/a,n/a,n/a,n/a,n/a,n/a,n/a,n/a,n/a,n/a,n/a,n/a,n/a,n/a,n/a,n/a,,,,,,,,,,,,,,,,,,,,
CCSP,5/21/20,20CCSP.005,AL,2020,Tick,IPAC,B. burgdorferi,10/20/2020,Shaw,,,,,,,,,,,,,,,,,,,,,n/a,n/a,n/a,n/a,n/a,n/a,n/a,n/a,n/a,n/a,n/a,n/a,n/a,n/a,n/a,n/a,n/a,n/a,n/a,n/a
CCSP,5/21/20,20CCSP.008,,2020,Tick,IPAC,B. burgdorferi,10/20/2020,Lillly,,,,,,,,,,,,,,,,,,,,,n/a,n/a,n/a,n/a,n/a,n/a,n/a,n/a,n/a,n/a,n/a,n/a,n/a,n/a,n/a,n/a,n/a,n/a,n/a,n/a
CCSP,5/21/20,20CCSP.027,AL,2020,Tick,IPAC,B. burgdorferi,10/20/2020,Lillly,,,,,,,,,,,,,,,,,,,,,n/a,n/a,n/a,n/a,n/a,n/a,n/a,n/a,n/a,n/a,n/a,n/a,n/a,n/a,n/a,n/a,n/a,n/a,n/a,n/a
CCSP,5/21/20,20CCSP.034,AL,2020,Tick,IPAC,B. burgdorferi sl,10/20/2020,Lillly,,,,,,,,,,,,,,,,,,,,,n/a,n/a,n/a,n/a,n/a,n/a,n/a,n/a,n/a,n/a,n/a,n/a,n/a,n/a,n/a,n/a,n/a,n/a,n/a,n/a
CCSP,5/21/20,20CCSP.044,AL,2020,Tick,IPAC,B. burgdorferi,10/21/2020,"Tran, Lilly",,,,,,,,,,,,,,,,,,,,,n/a,n/a,n/a,n/a,n/a,n/a,n/a,n/a,n/a,n/a,n/a,n/a,n/a,n/a,n/a,n/a,n/a,n/a,n/a,n/a
CCSP,5/21/20,20CCSP.097,,2020,Tick,IPAC,B. burgdorferi,10/22/2020,Lilly,,,,,,,,,,,,,,,,,,,,,n/a,n/a,n/a,n/a,n/a,n/a,n/a,n/a,n/a,n/a,n/a,n/a,n/a,n/a,n/a,n/a,n/a,n/a,n/a,n/a
CCSP,5/21/20,20CCSP.102,,2020,Tick,IPAC,B. burgdorferi,10/26/2020,Clark,,,,,,,,,,,,,,,,,,,,,n/a,n/a,n/a,n/a,n/a,n/a,n/a,n/a,n/a,n/a,n/a,n/a,n/a,n/a,n/a,n/a,n/a,n/a,n/a,n/a
CCSP,5/21/20,20CCSP.106,AL,2020,Tick,IPAC,B. burgdorferi,10/26/2020,Clark,,,,,,,,,,,,,,,,,,,,,n/a,n/a,n/a,n/a,n/a,n/a,n/a,n/a,n/a,n/a,n/a,n/a,n/a,n/a,n/a,n/a,n/a,n/a,n/a,n/a
CCSP,5/21/20,20CCSP.107,,2020,Tick,IPAC,B. burgdorferi,10/26/2020,Clark,,,,,,,,,,,,,,,,,,,,,n/a,n/a,n/a,n/a,n/a,n/a,n/a,n/a,n/a,n/a,n/a,n/a,n/a,n/a,n/a,n/a,n/a,n/a,n/a,n/a
CCSP,5/21/20,20CCSP.120,,2020,Tick,IPAC,B. burgdorferi,10/26/2020,Lilly,,,,,,,,,,,,,,,,,,,,,n/a,n/a,n/a,n/a,n/a,n/a,n/a,n/a,n/a,n/a,n/a,n/a,n/a,n/a,n/a,n/a,n/a,n/a,n/a,n/a
CCSP,5/21/20,20CCSP.129,,2020,Tick,IPAC,B. burgdorferi,10/26/2020,Shaw,,,,,,,,,,,,,,,,,,,,,n/a,n/a,n/a,n/a,n/a,n/a,n/a,n/a,n/a,n/a,n/a,n/a,n/a,n/a,n/a,n/a,n/a,n/a,n/a,n/a
CCSP,5/21/20,20CCSP.163,AL,2020,Tick,IPAC,B. burgdorferi,10/26/2020,Shaw,,,,,,,,,,,,,,,,,,,,,n/a,n/a,n/a,n/a,n/a,n/a,n/a,n/a,n/a,n/a,n/a,n/a,n/a,n/a,n/a,n/a,n/a,n/a,n/a,n/a
CCSP,5/21/20,20CCSP.166,AL,2020,Tick,IPAC,B. burgdorferi,10/26/2020,Shaw,,,,,,,,,,,,,,,,,,,,,n/a,n/a,n/a,n/a,n/a,n/a,n/a,n/a,n/a,n/a,n/a,n/a,n/a,n/a,n/a,n/a,n/a,n/a,n/a,n/a
CCSP,5/21/20,20CCSP.170,,2020,Tick,IPAC,B. burgdorferi,10/28/2020,Clark,,,,,,,,,,,,,,,,,,,,,n/a,n/a,n/a,n/a,n/a,n/a,n/a,n/a,n/a,n/a,n/a,n/a,n/a,n/a,n/a,n/a,n/a,n/a,n/a,n/a
CCSP,5/21/20,20CCSP.171,,2020,Tick,IPAC,B. burgdorferi,10/28/2020,Clark,,,,,,,,,,,,,,,,,,,,,n/a,n/a,n/a,n/a,n/a,n/a,n/a,n/a,n/a,n/a,n/a,n/a,n/a,n/a,n/a,n/a,n/a,n/a,n/a,n/a
CCSP,5/21/20,20CCSP.180,,2020,Tick,IPAC,B. burgdorferi ,10/28/2020,Clark,,,,,,,,,,,,,,,,,,,,,n/a,n/a,n/a,n/a,n/a,n/a,n/a,n/a,n/a,n/a,n/a,n/a,n/a,n/a,n/a,n/a,n/a,n/a,n/a,n/a
FL,5/20/20,20FL.013,,2020,Tick,IPAC,B. burgdorferi,10/29/2020,Lilly,,,,,,,,,,,,,,,,,,,,,n/a,n/a,n/a,n/a,n/a,n/a,n/a,n/a,n/a,n/a,n/a,n/a,n/a,n/a,n/a,n/a,n/a,n/a,n/a,n/a
FL,5/20/20,20FL.041,,2020,Tick,IPAC,B. burgdorferi,11/2/2020,Lilly,,,,,,,,,,,,,,,,,,,,,n/a,n/a,n/a,n/a,n/a,n/a,n/a,n/a,n/a,n/a,n/a,n/a,n/a,n/a,n/a,n/a,n/a,n/a,n/a,n/a
FL,5/20/20,20FL.055,,2020,Tick,IPAC,B. burgdorferi,11/3/2020,Clark,,,,,,,,,,,,,,,,,,,,,n/a,n/a,n/a,n/a,n/a,n/a,n/a,n/a,n/a,n/a,n/a,n/a,n/a,n/a,n/a,n/a,n/a,n/a,n/a,n/a
FL,5/20/20,20FL.061,,2020,Tick,IPAC,B. burgdorferi,11/3/2020,Clark,,,,,,,,,,,,,,,,,,,,,n/a,n/a,n/a,n/a,n/a,n/a,n/a,n/a,n/a,n/a,n/a,n/a,n/a,n/a,n/a,n/a,n/a,n/a,n/a,n/a
FL,5/20/20,20FL.027,Cant find,2020,Tick,IPAC,B. burgdorferi sl,11/2/2020,Shaw,n/a,n/a,n/a,n/a,n/a,n/a,n/a,n/a,n/a,n/a,n/a,n/a,n/a,n/a,n/a,n/a,n/a,n/a,n/a,n/a,n/a,n/a,n/a,n/a,n/a,n/a,n/a,n/a,n/a,n/a,n/a,n/a,n/a,n/a,n/a,n/a,n/a,n/a,n/a,n/a
SLRP,5/22/20,20SLRP.006,,2020,Tick,IPAC,B. bissettii,9/28/20,Shaw,,,,,,,,,,,,,,,,,,,,,n/a,n/a,n/a,n/a,n/a,n/a,n/a,n/a,n/a,n/a,n/a,n/a,n/a,n/a,n/a,n/a,n/a,n/a,n/a,n/a
SLRP,5/22/20,20SLRP.089,,2020,Tick,IPAC,B. bissettii,10/05/20,Shaw,,,,,,,,,,,,,,,,,,,,,n/a,n/a,n/a,n/a,n/a,n/a,n/a,n/a,n/a,n/a,n/a,n/a,n/a,n/a,n/a,n/a,n/a,n/a,n/a,n/a
SLRP,5/22/20,20SLRP.001,AL,2020,Tick,IPAC,B. burgdorferi,9/28/20,Shaw,,,,,,,,,,,,,,,,,,,,,n/a,n/a,n/a,n/a,n/a,n/a,n/a,n/a,n/a,n/a,n/a,n/a,n/a,n/a,n/a,n/a,n/a,n/a,n/a,n/a
SLRP,5/22/20,20SLRP.051,,2020,Tick,IPAC,B. burgdorferi,10/05/20,Lilly,,,,,,,,,,,,,,,,,,,,,n/a,n/a,n/a,n/a,n/a,n/a,n/a,n/a,n/a,n/a,n/a,n/a,n/a,n/a,n/a,n/a,n/a,n/a,n/a,n/a
SLRP,5/22/20,20SLRP.088,,2020,Tick,IPAC,B. burgdorferi,10/05/20,Shaw,,,,,,,,,,,,,,,,,,,,,n/a,n/a,n/a,n/a,n/a,n/a,n/a,n/a,n/a,n/a,n/a,n/a,n/a,n/a,n/a,n/a,n/a,n/a,n/a,n/a
SLRP,5/22/20,20SLRP.114,AL,2020,Tick,IPAC,B. burgdorferi,10/05/20,Shaw,,,,,,,,,,,,,,,,,,,,,n/a,n/a,n/a,n/a,n/a,n/a,n/a,n/a,n/a,n/a,n/a,n/a,n/a,n/a,n/a,n/a,n/a,n/a,n/a,n/a
SLRP,5/22/20,20SLRP.115,AL,2020,Tick,IPAC,B. burgdorferi,10/12/2020,Shaw,,,,,,,,,,,,,,,,,,,,,n/a,n/a,n/a,n/a,n/a,n/a,n/a,n/a,n/a,n/a,n/a,n/a,n/a,n/a,n/a,n/a,n/a,n/a,n/a,n/a
SLRP,5/22/20,20SLRP.117,AL,2020,Tick,IPAC,B. burgdorferi,10/12/2020,Shaw,,,,,,,,,,,,,,,,,,,,,n/a,n/a,n/a,n/a,n/a,n/a,n/a,n/a,n/a,n/a,n/a,n/a,n/a,n/a,n/a,n/a,n/a,n/a,n/a,n/a
SLRP,5/22/20,20SLRP.124,Not enough,2020,Tick,IPAC,B. burgdorferi,10/12/2020,Shaw,n/a,n/a,n/a,n/a,n/a,n/a,n/a,n/a,n/a,n/a,n/a,n/a,n/a,n/a,n/a,n/a,n/a,n/a,n/a,n/a,n/a,n/a,n/a,n/a,n/a,n/a,n/a,n/a,n/a,n/a,n/a,n/a,n/a,n/a,n/a,n/a,n/a,n/a,n/a,n/a
SLRP,5/22/20,20SLRP.129,,2020,Tick,IPAC,B. burgdorferi,10/12/2020,Shaw,,,,,,,,,,,,,,,,,,,,,n/a,n/a,n/a,n/a,n/a,n/a,n/a,n/a,n/a,n/a,n/a,n/a,n/a,n/a,n/a,n/a,n/a,n/a,n/a,n/a
SLRP,5/22/20,20SLRP.137,AL,2020,Tick,IPAC,B. burgdorferi sl,10/13/2020,Lilly,,,,,,,,,,,,,,,,,,,,,n/a,n/a,n/a,n/a,n/a,n/a,n/a,n/a,n/a,n/a,n/a,n/a,n/a,n/a,n/a,n/a,n/a,n/a,n/a,n/a
SLRP,5/22/20,20SLRP.222,AL,2020,Tick,IPAC,B. burgdorferi,10/13/2020,Lilly,,,,,,,,,,,,,,,,,,,,,n/a,n/a,n/a,n/a,n/a,n/a,n/a,n/a,n/a,n/a,n/a,n/a,n/a,n/a,n/a,n/a,n/a,n/a,n/a,n/a
TUP,5/22/20,20TUP.147,Not enough,2020,Tick,IPAC,B. burgdorferi,9/21/20,Lilly,n/a,n/a,n/a,n/a,n/a,n/a,n/a,n/a,n/a,n/a,n/a,n/a,n/a,n/a,n/a,n/a,n/a,n/a,n/a,n/a,n/a,n/a,n/a,n/a,n/a,n/a,n/a,n/a,n/a,n/a,n/a,n/a,n/a,n/a,n/a,n/a,n/a,n/a,n/a,n/a
TUP,5/22/20,20TUP.148,,2020,Tick,IPAC,B. burgdorferi,9/21/20,Lilly,,,,,,,,,,,,,,,,,,,,,n/a,n/a,n/a,n/a,n/a,n/a,n/a,n/a,n/a,n/a,n/a,n/a,n/a,n/a,n/a,n/a,n/a,n/a,n/a,n/a
WDLP,5/21/20,20WDLP.152,AL,2020,Tick,IPAC,B. burgdorferi sl,10/20/2020,Shaw,,,,,,,,,,,,,,,,,,,,,n/a,n/a,n/a,n/a,n/a,n/a,n/a,n/a,n/a,n/a,n/a,n/a,n/a,n/a,n/a,n/a,n/a,n/a,n/a,n/a
WH,5/26/20,20WH.002,Not enough,2020,Tick,IPAC,B. burgdorferi,9/21/20,Shaw,n/a,n/a,n/a,n/a,n/a,n/a,n/a,n/a,n/a,n/a,n/a,n/a,n/a,n/a,n/a,n/a,n/a,n/a,n/a,n/a,n/a,n/a,n/a,n/a,n/a,n/a,n/a,n/a,n/a,n/a,n/a,n/a,n/a,n/a,n/a,n/a,n/a,n/a,n/a,n/a
WH,5/26/20,20WH.003,AL,2020,Tick,IPAC,B. burgdorferi,9/21/20,Shaw,,,,,,,,,,,,,,,,,,,,,n/a,n/a,n/a,n/a,n/a,n/a,n/a,n/a,n/a,n/a,n/a,n/a,n/a,n/a,n/a,n/a,n/a,n/a,n/a,n/a
WH,5/26/20,20WH.004,Not enough,2020,Tick,IPAC,B. burgdorferi,9/21/20,Shaw,n/a,n/a,n/a,n/a,n/a,n/a,n/a,n/a,n/a,n/a,n/a,n/a,n/a,n/a,n/a,n/a,n/a,n/a,n/a,n/a,n/a,n/a,n/a,n/a,n/a,n/a,n/a,n/a,n/a,n/a,n/a,n/a,n/a,n/a,n/a,n/a,n/a,n/a,n/a,n/a
WH,5/26/20,20WH.049,Not enough,2020,Tick,IPAC,B. burgdorferi,9/28/20,Shaw,n/a,n/a,n/a,n/a,n/a,n/a,n/a,n/a,n/a,n/a,n/a,n/a,n/a,n/a,n/a,n/a,n/a,n/a,n/a,n/a,n/a,n/a,n/a,n/a,n/a,n/a,n/a,n/a,n/a,n/a,n/a,n/a,n/a,n/a,n/a,n/a,n/a,n/a,n/a,n/a
WH,5/26/20,20WH.023,Not enough,2020,Tick,IPAC,B. burgdorferi ,9/28/20,Lilly,n/a,n/a,n/a,n/a,n/a,n/a,n/a,n/a,n/a,n/a,n/a,n/a,n/a,n/a,n/a,n/a,n/a,n/a,n/a,n/a,n/a,n/a,n/a,n/a,n/a,n/a,n/a,n/a,n/a,n/a,n/a,n/a,n/a,n/a,n/a,n/a,n/a,n/a,n/a,n/a
WH,5/26/20,20WH.033,Not enough,2020,Tick,IPAC,B. burgdorferi ,9/28/20,Lilly,n/a,n/a,n/a,n/a,n/a,n/a,n/a,n/a,n/a,n/a,n/a,n/a,n/a,n/a,n/a,n/a,n/a,n/a,n/a,n/a,n/a,n/a,n/a,n/a,n/a,n/a,n/a,n/a,n/a,n/a,n/a,n/a,n/a,n/a,n/a,n/a,n/a,n/a,n/a,n/a
WH,5/26/20,20WH.047,Not enough,2020,Tick,IPAC,B. burgdorferi ,9/28/20,Shaw,n/a,n/a,n/a,n/a,n/a,n/a,n/a,n/a,n/a,n/a,n/a,n/a,n/a,n/a,n/a,n/a,n/a,n/a,n/a,n/a,n/a,n/a,n/a,n/a,n/a,n/a,n/a,n/a,n/a,n/a,n/a,n/a,n/a,n/a,n/a,n/a,n/a,n/a,n/a,n/a
CCSP,04/19/2021,21CCSP.003,Cant find,2021,Tick,IPAC,B. burgdorferi ,11/15/21,Shaw,n/a,n/a,n/a,n/a,n/a,n/a,n/a,n/a,n/a,n/a,n/a,n/a,n/a,n/a,n/a,n/a,n/a,n/a,n/a,n/a,n/a,n/a,n/a,n/a,n/a,n/a,n/a,n/a,n/a,n/a,n/a,n/a,n/a,n/a,n/a,n/a,n/a,n/a,n/a,n/a
CCSP,04/19/2021,21CCSP.031,,2021,Tick,IPAC,B. burgdorferi ,10/27/2021,Summers,,,,,,,,,,,,,,,,,,,,,n/a,n/a,n/a,n/a,n/a,n/a,n/a,n/a,n/a,n/a,n/a,n/a,n/a,n/a,n/a,n/a,n/a,n/a,n/a,n/a
CCSP,04/19/2021,21CCSP.032,,2021,Tick,IPAC,B. burgdorferi ,10/27/2021,Summers,,,,,,,,,,,,,,,,,,,,,n/a,n/a,n/a,n/a,n/a,n/a,n/a,n/a,n/a,n/a,n/a,n/a,n/a,n/a,n/a,n/a,n/a,n/a,n/a,n/a
CCSP,04/19/2021,21CCSP.034,,2021,Tick,IPAC,B. burgdorferi ,10/27/2021,Summers,,,,,,,,,,,,,,,,,,,,,n/a,n/a,n/a,n/a,n/a,n/a,n/a,n/a,n/a,n/a,n/a,n/a,n/a,n/a,n/a,n/a,n/a,n/a,n/a,n/a
CCSP,04/19/2021,21CCSP.035,AL,2021,Tick,IPAC,B. burgdorferi ,10/27/2021,Summers,,,,,,,,,,,,,,,,,,,,,n/a,n/a,n/a,n/a,n/a,n/a,n/a,n/a,n/a,n/a,n/a,n/a,n/a,n/a,n/a,n/a,n/a,n/a,n/a,n/a
CCSP,04/19/2021,21CCSP.037,,2021,Tick,IPAC,B. burgdorferi ,10/27/2021,Summers,,,,,,,,,,,,,,,,,,,,,n/a,n/a,n/a,n/a,n/a,n/a,n/a,n/a,n/a,n/a,n/a,n/a,n/a,n/a,n/a,n/a,n/a,n/a,n/a,n/a
CCSP,04/19/2021,21CCSP.049,,2021,Tick,IPAC,B. burgdorferi ,10/27/2021,Clark,,,,,,,,,,,,,,,,,,,,,n/a,n/a,n/a,n/a,n/a,n/a,n/a,n/a,n/a,n/a,n/a,n/a,n/a,n/a,n/a,n/a,n/a,n/a,n/a,n/a
CCSP,05/25/2021,21CCSP.113,,2021,Tick,IPAC,B. burgdorferi ,11/3/2021,Summers,,,,,,,,,,,,,,,,,,,,,n/a,n/a,n/a,n/a,n/a,n/a,n/a,n/a,n/a,n/a,n/a,n/a,n/a,n/a,n/a,n/a,n/a,n/a,n/a,n/a
CCSP,05/25/2021,21CCSP.118,,2021,Tick,IPAC,B. burgdorferi ,11/3/2021,Summers,,,,,,,,,,,,,,,,,,,,,n/a,n/a,n/a,n/a,n/a,n/a,n/a,n/a,n/a,n/a,n/a,n/a,n/a,n/a,n/a,n/a,n/a,n/a,n/a,n/a
CCSP,05/25/2021,21CCSP.154,,2021,Tick,IPAC,B. burgdorferi ,11/3/2021,Summers,,,,,,,,,,,,,,,,,,,,,n/a,n/a,n/a,n/a,n/a,n/a,n/a,n/a,n/a,n/a,n/a,n/a,n/a,n/a,n/a,n/a,n/a,n/a,n/a,n/a
CCSP,04/19/2021,21CCSP.048,,2021,Tick,IPAC,B. bissettii,10/27/2021,Summers,,,,,,,,,,,,,,,,,,,,,n/a,n/a,n/a,n/a,n/a,n/a,n/a,n/a,n/a,n/a,n/a,n/a,n/a,n/a,n/a,n/a,n/a,n/a,n/a,n/a
FL,05/17/2021,21FL.006,,2021,Tick,IPAC,B. burgdorferi ,9/2/2021,Villalpando,,,,,,,,,,,,,,,,,,,,,n/a,n/a,n/a,n/a,n/a,n/a,n/a,n/a,n/a,n/a,n/a,n/a,n/a,n/a,n/a,n/a,n/a,n/a,n/a,n/a
HOS,04/05/2021,21HOS.614,,2021,Tick,IPAC,B. burgdorferi ,9/20/2021,Shaw,,,,,,,,,,,,,,,,,,,,,n/a,n/a,n/a,n/a,n/a,n/a,n/a,n/a,n/a,n/a,n/a,n/a,n/a,n/a,n/a,n/a,n/a,n/a,n/a,n/a
SLRP,05/17/2021,21SLRP.018,,2021,Tick,IPAC,B. burgdorferi ,8/17/2021,Villalpando,,,,,,,,,,,,,,,,,,,,,n/a,n/a,n/a,n/a,n/a,n/a,n/a,n/a,n/a,n/a,n/a,n/a,n/a,n/a,n/a,n/a,n/a,n/a,n/a,n/a
SLRP,05/17/2021,21SLRP.013,,2021,Tick,IPAC,B. burgdorferi ,8/17/2021,Shaw,,,,,,,,,,,,,,,,,,,,,n/a,n/a,n/a,n/a,n/a,n/a,n/a,n/a,n/a,n/a,n/a,n/a,n/a,n/a,n/a,n/a,n/a,n/a,n/a,n/a
SLRP,05/17/2021,21SLRP.016,,2021,Tick,IPAC,B. burgdorferi ,8/17/2021,Villalpando,,,,,,,,,,,,,,,,,,,,,n/a,n/a,n/a,n/a,n/a,n/a,n/a,n/a,n/a,n/a,n/a,n/a,n/a,n/a,n/a,n/a,n/a,n/a,n/a,n/a
SLRP,05/17/2021,21SLRP.028,,2021,Tick,IPAC,B. burgdorferi ,8/17/2021,Clark,,,,,,,,,,,,,,,,,,,,,n/a,n/a,n/a,n/a,n/a,n/a,n/a,n/a,n/a,n/a,n/a,n/a,n/a,n/a,n/a,n/a,n/a,n/a,n/a,n/a
SLRP,05/27/2021,21SLRP.208,,2021,Tick,IPAC,B. burgdorferi ,8/24/2021,Clark,,,,,,,,,,,,,,,,,,,,,n/a,n/a,n/a,n/a,n/a,n/a,n/a,n/a,n/a,n/a,n/a,n/a,n/a,n/a,n/a,n/a,n/a,n/a,n/a,n/a
SLRP,05/27/2021,21SLRP.217,,2021,Tick,IPAC,B. burgdorferi ,8/24/2021,Clark,,,,,,,,,,,,,,,,,,,,,n/a,n/a,n/a,n/a,n/a,n/a,n/a,n/a,n/a,n/a,n/a,n/a,n/a,n/a,n/a,n/a,n/a,n/a,n/a,n/a
SLRP,05/27/2021,21SLRP.234,,2021,Tick,IPAC,B. burgdorferi ,8/26/2021,Villalpando,,,,,,,,,,,,,,,,,,,,,n/a,n/a,n/a,n/a,n/a,n/a,n/a,n/a,n/a,n/a,n/a,n/a,n/a,n/a,n/a,n/a,n/a,n/a,n/a,n/a
SLRP,05/27/2021,21SLRP.242,,2021,Tick,IPAC,B. burgdorferi ,8/30/2021,Clark,,,,,,,,,,,,,,,,,,,,,n/a,n/a,n/a,n/a,n/a,n/a,n/a,n/a,n/a,n/a,n/a,n/a,n/a,n/a,n/a,n/a,n/a,n/a,n/a,n/a
SLRP,05/27/2021,21SLRP.248,,2021,Tick,IPAC,B. burgdorferi ,8/30/2021,Summers,,,,,,,,,,,,,,,,,,,,,n/a,n/a,n/a,n/a,n/a,n/a,n/a,n/a,n/a,n/a,n/a,n/a,n/a,n/a,n/a,n/a,n/a,n/a,n/a,n/a
SLRP,05/27/2021,21SLRP.251,,2021,Tick,IPAC,B. burgdorferi ,8/30/2021,Summers,,,,,,,,,,,,,,,,,,,,,n/a,n/a,n/a,n/a,n/a,n/a,n/a,n/a,n/a,n/a,n/a,n/a,n/a,n/a,n/a,n/a,n/a,n/a,n/a,n/a
WDLP,05/26/2021,21WDLP.345,,2021,Tick,IPAC,B. bissettii,10/25/21,Shaw,,,,,,,,,,,,,,,,,,,,,n/a,n/a,n/a,n/a,n/a,n/a,n/a,n/a,n/a,n/a,n/a,n/a,n/a,n/a,n/a,n/a,n/a,n/a,n/a,n/a
WH,05/11/2021,21WH.011,,2021,Tick,IPAC,B. burgdorferi ,7/22/2021,Shaw,,,,,,,,,,,,,,,,,,,,,n/a,n/a,n/a,n/a,n/a,n/a,n/a,n/a,n/a,n/a,n/a,n/a,n/a,n/a,n/a,n/a,n/a,n/a,n/a,n/a
WH,05/11/2021,21WH.017,AL,2021,Tick,IPAC,B. burgdorferi ,7/22/2021,Mai,,,,,,,,,,,,,,,,,,,,,n/a,n/a,n/a,n/a,n/a,n/a,n/a,n/a,n/a,n/a,n/a,n/a,n/a,n/a,n/a,n/a,n/a,n/a,n/a,n/a
WH,05/11/2021,21WH.022,,2021,Tick,IPAC,"B. burgdorferi, B. miyamotoi",7/22/2021,Mai,,,,,,,,,,,,,,,,,,,,,n/a,n/a,n/a,n/a,n/a,n/a,n/a,n/a,n/a,n/a,n/a,n/a,n/a,n/a,n/a,n/a,n/a,n/a,n/a,n/a
WH,05/11/2021,21WH.025,,2021,Tick,IPAC,"B. burgdorferi, B. miyamotoi",7/22/2021,Mai,,,,,,,,,,,,,,,,,,,,,n/a,n/a,n/a,n/a,n/a,n/a,n/a,n/a,n/a,n/a,n/a,n/a,n/a,n/a,n/a,n/a,n/a,n/a,n/a,n/a
WH,05/26/2021,21WH.078,,2021,Tick,IPAC,B. burgdorferi ,8/9/2021,Clark,,,,,,,,,,,,,,,,,,,,,n/a,n/a,n/a,n/a,n/a,n/a,n/a,n/a,n/a,n/a,n/a,n/a,n/a,n/a,n/a,n/a,n/a,n/a,n/a,n/a
WH,05/11/2021,21WH.001,AL,2021,Tick,IPAC,B. burgdorferi ,07/19/2021,"Tran, Fangon",,,,,,,,,,,,,,,,,,,,,n/a,n/a,n/a,n/a,n/a,n/a,n/a,n/a,n/a,n/a,n/a,n/a,n/a,n/a,n/a,n/a,n/a,n/a,n/a,n/a
CCSP,4/21/2021,C247,,2021,Mammal,PEMA,B. burgdorferi ,9/14/21,Mai,n/a,n/a,n/a,n/a,n/a,n/a,n/a,n/a,n/a,n/a,n/a,n/a,n/a,n/a,n/a,n/a,n/a,n/a,n/a,n/a,,,,,,,,,,,,,,,,,,,,
CCSP,4/22/2021,C325,,2021,Mammal,PEMA,B. burgdorferi /bissettii,9/21/21,Summers,n/a,n/a,n/a,n/a,n/a,n/a,n/a,n/a,n/a,n/a,n/a,n/a,n/a,n/a,n/a,n/a,n/a,n/a,n/a,n/a,,,,,,,,,,,,,,,,,,,,
JSCP,5/11/2021,C370,,2021,Mammal,PETR,B. burgdorferi ,11/24/21,Summers,n/a,n/a,n/a,n/a,n/a,n/a,n/a,n/a,n/a,n/a,n/a,n/a,n/a,n/a,n/a,n/a,n/a,n/a,n/a,n/a,,,,,,,,,,,,,,,,,,,,
JSCP,5/11/2021,C371,,2021,Mammal,PETR,B. bissettii,11/24/21,Summers,n/a,n/a,n/a,n/a,n/a,n/a,n/a,n/a,n/a,n/a,n/a,n/a,n/a,n/a,n/a,n/a,n/a,n/a,n/a,n/a,,,,,,,,,,,,,,,,,,,,
JSCP,5/11/2021,C372,,2021,Mammal,PETR,B. burgdorferi /bissettii,11/24/21,Summers,n/a,n/a,n/a,n/a,n/a,n/a,n/a,n/a,n/a,n/a,n/a,n/a,n/a,n/a,n/a,n/a,n/a,n/a,n/a,n/a,,,,,,,,,,,,,,,,,,,,
JSCP,5/13/2021,C779,,2021,Mammal,PETR,B. burgdorferi /bissettii,12/22/21,Mai,n/a,n/a,n/a,n/a,n/a,n/a,n/a,n/a,n/a,n/a,n/a,n/a,n/a,n/a,n/a,n/a,n/a,n/a,n/a,n/a,,,,,,,,,,,,,,,,,,,,
JSCP,5/11/2021,C812,,2021,Mammal,PETR,B. bissettii,11/22/21,Shaw,n/a,n/a,n/a,n/a,n/a,n/a,n/a,n/a,n/a,n/a,n/a,n/a,n/a,n/a,n/a,n/a,n/a,n/a,n/a,n/a,,,,,,,,,,,,,,,,,,,,
JSCP,5/11/2021,C829,,2021,Mammal,PETR,B. burgdorferi ,11/22/21,Shaw,n/a,n/a,n/a,n/a,n/a,n/a,n/a,n/a,n/a,n/a,n/a,n/a,n/a,n/a,n/a,n/a,n/a,n/a,n/a,n/a,,,,,,,,,,,,,,,,,,,,
PUG,5/6/2021,C898,,2021,Mammal,PETR,B. burgdorferi ,10/4/21,Mai,n/a,n/a,n/a,n/a,n/a,n/a,n/a,n/a,n/a,n/a,n/a,n/a,n/a,n/a,n/a,n/a,n/a,n/a,n/a,n/a,,,,,,,,,,,,,,,,,,,,
CCSP,4/27/22,22CCSP.002,,2022,Tick,IPAC,B. burgdorferi ,7/20/2022,"Cuyson, Mariah (Myka and Alice too for training)",,,,,,,,,,,,,,,,,,,,,n/a,n/a,n/a,n/a,n/a,n/a,n/a,n/a,n/a,n/a,n/a,n/a,n/a,n/a,n/a,n/a,n/a,n/a,n/a,n/a
CCSP,4/27/22,22CCSP.016,,2022,Tick,IPAC,B. burgdorferi ,8/11/2022,"Hartman, Georgie",,,,,,,,,,,,,,,,,,,,,n/a,n/a,n/a,n/a,n/a,n/a,n/a,n/a,n/a,n/a,n/a,n/a,n/a,n/a,n/a,n/a,n/a,n/a,n/a,n/a
CCSP,5/11/22,22CCSP.232,,2022,Tick,IPAC,B. burgdorferi ,9/14/2022,"Villegas, Myka",,,,,,,,,,,,,,,,,,,,,n/a,n/a,n/a,n/a,n/a,n/a,n/a,n/a,n/a,n/a,n/a,n/a,n/a,n/a,n/a,n/a,n/a,n/a,n/a,n/a
FL,4/29/22,22FL.054,,2022,Tick,IPAC,B. burgdorferi ,9/29/2022,"Villegas, Myka",,,,,,,,,,,,,,,,,,,,,n/a,n/a,n/a,n/a,n/a,n/a,n/a,n/a,n/a,n/a,n/a,n/a,n/a,n/a,n/a,n/a,n/a,n/a,n/a,n/a
FL,4/29/22,22FL.074,,2022,Tick,IPAC,B. burgdorferi ,10/5/22,"Ono-Kerns, Erika",,,,,,,,,,,,,,,,,,,,,n/a,n/a,n/a,n/a,n/a,n/a,n/a,n/a,n/a,n/a,n/a,n/a,n/a,n/a,n/a,n/a,n/a,n/a,n/a,n/a
FL,5/13/22,22FL.178,AL,2022,Tick,IPAC,B. bissettii,10/26/22,"Ono-Kerns, Erika",,,,,,,,,,,,,,,,,,,,,n/a,n/a,n/a,n/a,n/a,n/a,n/a,n/a,n/a,n/a,n/a,n/a,n/a,n/a,n/a,n/a,n/a,n/a,n/a,n/a
FL,5/13/22,22FL.179,,2022,Tick,IPAC,B. burgdorferi ,10/26/22,"Ono-Kerns, Erika",,,,,,,,,,,,,,,,,,,,,n/a,n/a,n/a,n/a,n/a,n/a,n/a,n/a,n/a,n/a,n/a,n/a,n/a,n/a,n/a,n/a,n/a,n/a,n/a,n/a
FL,5/13/22,22FL.183,AL,2022,Tick,IPAC,B. burgdorferi ,10/31/22,"Ono-Kerns, Erika",,,,,,,,,,,,,,,,,,,,,n/a,n/a,n/a,n/a,n/a,n/a,n/a,n/a,n/a,n/a,n/a,n/a,n/a,n/a,n/a,n/a,n/a,n/a,n/a,n/a
HOS,4/25/22,22HOS.002,AL,2022,Tick,IPAC,B. burgdorferi ,11/1/22,"Hartman, Georgie",,,,,,,,,,,,,,,,,,,,,n/a,n/a,n/a,n/a,n/a,n/a,n/a,n/a,n/a,n/a,n/a,n/a,n/a,n/a,n/a,n/a,n/a,n/a,n/a,n/a
HOS,4/25/22,22HOS.005,AL,2022,Tick,IPAC,B. burgdorferi ,11/1/22,"Hartman, Georgie",,,,,,,,,,,,,,,,,,,,,n/a,n/a,n/a,n/a,n/a,n/a,n/a,n/a,n/a,n/a,n/a,n/a,n/a,n/a,n/a,n/a,n/a,n/a,n/a,n/a
LFY,4/26/22,22LFY.006,AL,2022,Tick,IPAC,B. burgdorferi ,11/2/22,"Villegas, Myka",,,,,,,,,,,,,,,,,,,,,n/a,n/a,n/a,n/a,n/a,n/a,n/a,n/a,n/a,n/a,n/a,n/a,n/a,n/a,n/a,n/a,n/a,n/a,n/a,n/a
SLRP,5/6/22,22SLRP.006,,2022,Tick,IPAC,B. burgdorferi ,11/9/22,"Cuyson, Mariah",,,,,,,,,,,,,,,,,,,,,n/a,n/a,n/a,n/a,n/a,n/a,n/a,n/a,n/a,n/a,n/a,n/a,n/a,n/a,n/a,n/a,n/a,n/a,n/a,n/a
TIL,5/3/22,22TIL.003,AL,2022,Tick,IPAC,B. burgdorferi ,11/14/22,"Ono-Kerns, Erika",,,,,,,,,,,,,,,,,,,,,n/a,n/a,n/a,n/a,n/a,n/a,n/a,n/a,n/a,n/a,n/a,n/a,n/a,n/a,n/a,n/a,n/a,n/a,n/a,n/a
TIL,5/3/22,22TIL.007,AL,2022,Tick,IPAC,B. burgdorferi ,11/14/22,"Ono-Kerns, Erika",,,,,,,,,,,,,,,,,,,,,n/a,n/a,n/a,n/a,n/a,n/a,n/a,n/a,n/a,n/a,n/a,n/a,n/a,n/a,n/a,n/a,n/a,n/a,n/a,n/a
TIL,5/18/22,22TIL.031,,2022,Tick,IPAC,B. bissettii,11/16/22,Myka Villegas,,,,,,,,,,,,,,,,,,,,,n/a,n/a,n/a,n/a,n/a,n/a,n/a,n/a,n/a,n/a,n/a,n/a,n/a,n/a,n/a,n/a,n/a,n/a,n/a,n/a
TIL,5/18/22,22TIL.036,AL,2022,Tick,IPAC,B. burgdorferi ,11/16/22,Myka Villegas,,,,,,,,,,,,,,,,,,,,,n/a,n/a,n/a,n/a,n/a,n/a,n/a,n/a,n/a,n/a,n/a,n/a,n/a,n/a,n/a,n/a,n/a,n/a,n/a,n/a
TUP,4/28/22,22TUP.004,,2022,Tick,IPAC,B. burgdorferi ,11/16/22,"Ono-Kerns, Erika",,,,,,,,,,,,,,,,,,,,,n/a,n/a,n/a,n/a,n/a,n/a,n/a,n/a,n/a,n/a,n/a,n/a,n/a,n/a,n/a,n/a,n/a,n/a,n/a,n/a
TUP,4/28/22,22TUP.019,,2022,Tick,IPAC,B. burgdorferi ,11/30/22,"Ono-Kerns, Erika",,,,,,,,,,,,,,,,,,,,,n/a,n/a,n/a,n/a,n/a,n/a,n/a,n/a,n/a,n/a,n/a,n/a,n/a,n/a,n/a,n/a,n/a,n/a,n/a,n/a
TUP,5/16/22,22TUP.080,AL,2022,Tick,IPAC,B. burgdorferi ,12/5/22,"Ono-Kerns, Erika",,,,,,,,,,,,,,,,,,,,,n/a,n/a,n/a,n/a,n/a,n/a,n/a,n/a,n/a,n/a,n/a,n/a,n/a,n/a,n/a,n/a,n/a,n/a,n/a,n/a
TUP,5/16/22,22TUP.088,,2022,Tick,IPAC,B. burgdorferi ,12/6/22,"Villegas, Myka",,,,,,,,,,,,,,,,,,,,,n/a,n/a,n/a,n/a,n/a,n/a,n/a,n/a,n/a,n/a,n/a,n/a,n/a,n/a,n/a,n/a,n/a,n/a,n/a,n/a
WDLP,5/5/22,22WDLP.009,,2022,Tick,IPAC,B. burgdorferi ,1/23/22,"Villegas, Myka",,,,,,,,,,,,,,,,,,,,,n/a,n/a,n/a,n/a,n/a,n/a,n/a,n/a,n/a,n/a,n/a,n/a,n/a,n/a,n/a,n/a,n/a,n/a,n/a,n/a
WDLP,5/5/22,22WDLP.011,,2022,Tick,IPAC,B. burgdorferi ,1/23/22,"Villegas, Myka",,,,,,,,,,,,,,,,,,,,,n/a,n/a,n/a,n/a,n/a,n/a,n/a,n/a,n/a,n/a,n/a,n/a,n/a,n/a,n/a,n/a,n/a,n/a,n/a,n/a
WH,5/5/2022,22WH.007,,2022,Tick,IPAC,B. burgdorferi ,12/6/22,"Villegas, Myka",,,,,,,,,,,,,,,,,,,,,n/a,n/a,n/a,n/a,n/a,n/a,n/a,n/a,n/a,n/a,n/a,n/a,n/a,n/a,n/a,n/a,n/a,n/a,n/a,n/a
WH,5/5/2022,22WH.008,,2022,Tick,IPAC,B. burgdorferi ,12/6/22,"Villegas, Myka",,,,,,,,,,,,,,,,,,,,,n/a,n/a,n/a,n/a,n/a,n/a,n/a,n/a,n/a,n/a,n/a,n/a,n/a,n/a,n/a,n/a,n/a,n/a,n/a,n/a
WH,5/5/2022,22WH.011,AL,2022,Tick,IPAC,B. burgdorferi ,12/7/22,"Ono-Kerns, Erika",,,,,,,,,,,,,,,,,,,,,n/a,n/a,n/a,n/a,n/a,n/a,n/a,n/a,n/a,n/a,n/a,n/a,n/a,n/a,n/a,n/a,n/a,n/a,n/a,n/a
WH,5/5/2022,22WH.019,,2022,Tick,IPAC,B. burgdorferi ,12/7/22,"Ono-Kerns, Erika",,,,,,,,,,,,,,,,,,,,,n/a,n/a,n/a,n/a,n/a,n/a,n/a,n/a,n/a,n/a,n/a,n/a,n/a,n/a,n/a,n/a,n/a,n/a,n/a,n/a
WH,5/5/2022,22WH.025,,2022,Tick,IPAC,B. burgdorferi ,12/13/22,"Ono-Kerns, Erika",,,,,,,,,,,,,,,,,,,,,n/a,n/a,n/a,n/a,n/a,n/a,n/a,n/a,n/a,n/a,n/a,n/a,n/a,n/a,n/a,n/a,n/a,n/a,n/a,n/a
WH,5/5/2022,22WH.026,AL,2022,Tick,IPAC,B. burgdorferi ,1/3/23,"Ono-Kerns, Erika",,,,,,,,,,,,,,,,,,,,,n/a,n/a,n/a,n/a,n/a,n/a,n/a,n/a,n/a,n/a,n/a,n/a,n/a,n/a,n/a,n/a,n/a,n/a,n/a,n/a
WH,5/5/2022,22WH.027,AL,2022,Tick,IPAC,B. burgdorferi sl,1/3/23,"Ono-Kerns, Erika",,,,,,,,,,,,,,,,,,,,,n/a,n/a,n/a,n/a,n/a,n/a,n/a,n/a,n/a,n/a,n/a,n/a,n/a,n/a,n/a,n/a,n/a,n/a,n/a,n/a
WH,5/5/2022,22WH.030,AL,2022,Tick,IPAC,B. burgdorferi ,1/3/23,"Ono-Kerns, Erika",,,,,,,,,,,,,,,,,,,,,n/a,n/a,n/a,n/a,n/a,n/a,n/a,n/a,n/a,n/a,n/a,n/a,n/a,n/a,n/a,n/a,n/a,n/a,n/a,n/a
WH,5/12/2022,22WH.067,AL,2022,Tick,IPAC,B. burgdorferi ,1/16/23,"Ono-Kerns, Erika",,,,,,,,,,,,,,,,,,,,,n/a,n/a,n/a,n/a,n/a,n/a,n/a,n/a,n/a,n/a,n/a,n/a,n/a,n/a,n/a,n/a,n/a,n/a,n/a,n/a
WH,5/12/2022,22WH.072,,2022,Tick,IPAC,B. burgdorferi ,1/16/23,"Ono-Kerns, Erika",,,,,,,,,,,,,,,,,,,,,n/a,n/a,n/a,n/a,n/a,n/a,n/a,n/a,n/a,n/a,n/a,n/a,n/a,n/a,n/a,n/a,n/a,n/a,n/a,n/a
WH,5/12/2022,22WH.074,AL,2022,Tick,IPAC,B. burgdorferi ,1/16/23,"Ono-Kerns, Erika",,,,,,,,,,,,,,,,,,,,,n/a,n/a,n/a,n/a,n/a,n/a,n/a,n/a,n/a,n/a,n/a,n/a,n/a,n/a,n/a,n/a,n/a,n/a,n/a,n/a
SPC,4/18/23,23.CCSP.012,AL,2023,Tick,IPAC,B. burgdorferi ,8/2/23,Newton,,,,,,,,,,,,,,,,,,,,,n/a,n/a,n/a,n/a,n/a,n/a,n/a,n/a,n/a,n/a,n/a,n/a,n/a,n/a,n/a,n/a,n/a,n/a,n/a,n/a
SPC,4/18/23,23.CCSP.029,Not enough,2023,Tick,IPAC,B. burgdorferi ,8/2/23,Newton,n/a,n/a,n/a,n/a,n/a,n/a,n/a,n/a,n/a,n/a,n/a,n/a,n/a,n/a,n/a,n/a,n/a,n/a,n/a,n/a,n/a,n/a,n/a,n/a,n/a,n/a,n/a,n/a,n/a,n/a,n/a,n/a,n/a,n/a,n/a,n/a,n/a,n/a,n/a,n/a
SPC,5/8/2023,23.CCSP.039,AL,2023,Tick,IPAC,B. burgdorferi ,8/2/23,Newton,,,,,,,,,,,,,,,,,,,,,n/a,n/a,n/a,n/a,n/a,n/a,n/a,n/a,n/a,n/a,n/a,n/a,n/a,n/a,n/a,n/a,n/a,n/a,n/a,n/a
SPC,5/8/2023,23.CCSP.048,,2023,Tick,IPAC,B. burgdorferi ,8/2/23,Newton,,,,,,,,,,,,,,,,,,,,,n/a,n/a,n/a,n/a,n/a,n/a,n/a,n/a,n/a,n/a,n/a,n/a,n/a,n/a,n/a,n/a,n/a,n/a,n/a,n/a
SPC,5/8/2023,23.CCSP.049,,2023,Tick,IPAC,B. burgdorferi ,8/2/23,Newton,,,,,,,,,,,,,,,,,,,,,n/a,n/a,n/a,n/a,n/a,n/a,n/a,n/a,n/a,n/a,n/a,n/a,n/a,n/a,n/a,n/a,n/a,n/a,n/a,n/a
SPC,5/8/2023,23.CCSP.060,,2023,Tick,IPAC,B. burgdorferi ,8/2/23,Newton,,,,,,,,,,,,,,,,,,,,,n/a,n/a,n/a,n/a,n/a,n/a,n/a,n/a,n/a,n/a,n/a,n/a,n/a,n/a,n/a,n/a,n/a,n/a,n/a,n/a
FLV,4/13/23,23.FLF.002,,2023,Tick,IPAC,B. burgdorferi ,6/28/23,"Alexander, Camille, Mariah (Training)",,,,,,,,,,,,,,,,,,,,,n/a,n/a,n/a,n/a,n/a,n/a,n/a,n/a,n/a,n/a,n/a,n/a,n/a,n/a,n/a,n/a,n/a,n/a,n/a,n/a
SPA,4/17/2023,23N.SP.002,,2023,Tick,IPAC,Bad sequence results,7/13/2023,Newton,,,,,,,,,,,,,,,,,,,,,n/a,n/a,n/a,n/a,n/a,n/a,n/a,n/a,n/a,n/a,n/a,n/a,n/a,n/a,n/a,n/a,n/a,n/a,n/a,n/a
SPA,4/17/2023,23N.SP.007,,2023,Tick,IPAC,Bad sequence results,7/13/2023,Newton,,,,,,,,,,,,,,,,,,,,,n/a,n/a,n/a,n/a,n/a,n/a,n/a,n/a,n/a,n/a,n/a,n/a,n/a,n/a,n/a,n/a,n/a,n/a,n/a,n/a
SPA,5/9/2023,23N.SP.033,,2023,Tick,IPAC,B. burgdorferi ,8/22/23,Newton,,,,,,,,,,,,,,,,,,,,,n/a,n/a,n/a,n/a,n/a,n/a,n/a,n/a,n/a,n/a,n/a,n/a,n/a,n/a,n/a,n/a,n/a,n/a,n/a,n/a
SPA,5/9/2023,23N.SP.034,,2023,Tick,IPAC,B. burgdorferi ,8/22/23,Newton,,,,,,,,,,,,,,,,,,,,,n/a,n/a,n/a,n/a,n/a,n/a,n/a,n/a,n/a,n/a,n/a,n/a,n/a,n/a,n/a,n/a,n/a,n/a,n/a,n/a
SPA,5/11/2023,23N.SP.040,,2023,Tick,IPAC,B. burgdorferi ,8/22/23,Newton,,,,,,,,,,,,,,,,,,,,,n/a,n/a,n/a,n/a,n/a,n/a,n/a,n/a,n/a,n/a,n/a,n/a,n/a,n/a,n/a,n/a,n/a,n/a,n/a,n/a
SPV,4/19/2023,23SPS.030,,2023,Tick,IPAC,B. burgdorferi ,8/31/2023,Newton,,,,,,,,,,,,,,,,,,,,,n/a,n/a,n/a,n/a,n/a,n/a,n/a,n/a,n/a,n/a,n/a,n/a,n/a,n/a,n/a,n/a,n/a,n/a,n/a,n/a
SPV,5/11/2023,23SPS.052,,2023,Tick,IPAC,Unclutured Borrellia sp.,9/5/23,Newton,,,,,,,,,,,,,,,,,,,,,n/a,n/a,n/a,n/a,n/a,n/a,n/a,n/a,n/a,n/a,n/a,n/a,n/a,n/a,n/a,n/a,n/a,n/a,n/a,n/a
CM,5/5/2023,3450,,2023,Mammal,PETR,B. burgdorferi ,7/20/23,Newton,n/a,n/a,n/a,n/a,n/a,n/a,n/a,n/a,n/a,n/a,n/a,n/a,n/a,n/a,n/a,n/a,n/a,n/a,n/a,n/a,,,,,,,,,,,,,,,,,,,,
CM,5/5/2023,3137,,2023,Mammal,PETR,B. burgdorferi ,7/20/23,Newton,n/a,n/a,n/a,n/a,n/a,n/a,n/a,n/a,n/a,n/a,n/a,n/a,n/a,n/a,n/a,n/a,n/a,n/a,n/a,n/a,,,,,,,,,,,,,,,,,,,,
EWA,4/25/23,3462,,2023,Mammal,NEFU,B. bissettii,7/19/23,Newton,n/a,n/a,n/a,n/a,n/a,n/a,n/a,n/a,n/a,n/a,n/a,n/a,n/a,n/a,n/a,n/a,n/a,n/a,n/a,n/a,,,,,,,,,,,,,,,,,,,,
EWA,4/25/23,3461,,2023,Mammal,NEFU,B. burgdorferi ,7/19/23,Newton,n/a,n/a,n/a,n/a,n/a,n/a,n/a,n/a,n/a,n/a,n/a,n/a,n/a,n/a,n/a,n/a,n/a,n/a,n/a,n/a,,,,,,,,,,,,,,,,,,,,
EWA,4/25/23,3497,,2023,Mammal,NEFU,B. bissettii,7/19/23,Newton,n/a,n/a,n/a,n/a,n/a,n/a,n/a,n/a,n/a,n/a,n/a,n/a,n/a,n/a,n/a,n/a,n/a,n/a,n/a,n/a,,,,,,,,,,,,,,,,,,,,
EWV,5/25/2023,3339,,2023,Mammal,NEFU,B. burgdorferi ,8/1/23,Newton,n/a,n/a,n/a,n/a,n/a,n/a,n/a,n/a,n/a,n/a,n/a,n/a,n/a,n/a,n/a,n/a,n/a,n/a,n/a,n/a,,,,,,,,,,,,,,,,,,,,
EWV,4/27/23,S591,,2023,Mammal,PETR,B. bissettii,7/19/23,Summers,n/a,n/a,n/a,n/a,n/a,n/a,n/a,n/a,n/a,n/a,n/a,n/a,n/a,n/a,n/a,n/a,n/a,n/a,n/a,n/a,,,,,,,,,,,,,,,,,,,,
EWV,4/27/23,A789,,2023,Mammal,PETR,B. burgdorferi ,7/20/23,Summers,n/a,n/a,n/a,n/a,n/a,n/a,n/a,n/a,n/a,n/a,n/a,n/a,n/a,n/a,n/a,n/a,n/a,n/a,n/a,n/a,,,,,,,,,,,,,,,,,,,,
FLA,4/11/23,3106,,2023,Mammal,PEMA,B. burgdorferi ,7/6/23,Newton,n/a,n/a,n/a,n/a,n/a,n/a,n/a,n/a,n/a,n/a,n/a,n/a,n/a,n/a,n/a,n/a,n/a,n/a,n/a,n/a,,,,,,,,,,,,,,,,,,,,
FLA,5/16/2023,A792,,2023,Mammal,PETR,B. burgdorferi ,7/27/23,Newton,n/a,n/a,n/a,n/a,n/a,n/a,n/a,n/a,n/a,n/a,n/a,n/a,n/a,n/a,n/a,n/a,n/a,n/a,n/a,n/a,,,,,,,,,,,,,,,,,,,,
FLC,4/11/23,C752,,2023,Mammal,PEMA,B. burgdorferi ,7/11/23,Newton,n/a,n/a,n/a,n/a,n/a,n/a,n/a,n/a,n/a,n/a,n/a,n/a,n/a,n/a,n/a,n/a,n/a,n/a,n/a,n/a,,,,,,,,,,,,,,,,,,,,
FLC,4/11/23,C754,,2023,Mammal,PETR,B. burgdorferi /bissettii,7/11/23,Newton,n/a,n/a,n/a,n/a,n/a,n/a,n/a,n/a,n/a,n/a,n/a,n/a,n/a,n/a,n/a,n/a,n/a,n/a,n/a,n/a,,,,,,,,,,,,,,,,,,,,
FLC,5/16/2023,S564,,2023,Mammal,PETR,B. burgdorferi ,7/27/23,Newton,n/a,n/a,n/a,n/a,n/a,n/a,n/a,n/a,n/a,n/a,n/a,n/a,n/a,n/a,n/a,n/a,n/a,n/a,n/a,n/a,,,,,,,,,,,,,,,,,,,,
SPA,4/18/23,C715,,2023,Mammal,NEFU,B. bissettii,7/11/23,Newton,n/a,n/a,n/a,n/a,n/a,n/a,n/a,n/a,n/a,n/a,n/a,n/a,n/a,n/a,n/a,n/a,n/a,n/a,n/a,n/a,,,,,,,,,,,,,,,,,,,,
SPA,4/18/23,C714,,2023,Mammal,NEFU,B. bissettii,7/11/23,Newton,n/a,n/a,n/a,n/a,n/a,n/a,n/a,n/a,n/a,n/a,n/a,n/a,n/a,n/a,n/a,n/a,n/a,n/a,n/a,n/a,,,,,,,,,,,,,,,,,,,,
SPA,4/18/23,C711,,2023,Mammal,NEFU,B. bissettii,7/11/23,Newton,n/a,n/a,n/a,n/a,n/a,n/a,n/a,n/a,n/a,n/a,n/a,n/a,n/a,n/a,n/a,n/a,n/a,n/a,n/a,n/a,,,,,,,,,,,,,,,,,,,,
SPA,4/18/23,3471,,2023,Mammal,NEFU,B. bissettii,7/17/23,Newton,n/a,n/a,n/a,n/a,n/a,n/a,n/a,n/a,n/a,n/a,n/a,n/a,n/a,n/a,n/a,n/a,n/a,n/a,n/a,n/a,,,,,,,,,,,,,,,,,,,,
SPA,5/9/23,S544,,2023,Mammal,NEFU,B. bissettii,7/20/23,Newton,n/a,n/a,n/a,n/a,n/a,n/a,n/a,n/a,n/a,n/a,n/a,n/a,n/a,n/a,n/a,n/a,n/a,n/a,n/a,n/a,,,,,,,,,,,,,,,,,,,,
SPA,4/18/23,3479,,2023,Mammal,PETR,B. bissettii,7/11/23,Newton,n/a,n/a,n/a,n/a,n/a,n/a,n/a,n/a,n/a,n/a,n/a,n/a,n/a,n/a,n/a,n/a,n/a,n/a,n/a,n/a,,,,,,,,,,,,,,,,,,,,
SPA,4/18/23,3473,,2023,Mammal,PETR,B. burgdorferi ,7/17/23,Newton,n/a,n/a,n/a,n/a,n/a,n/a,n/a,n/a,n/a,n/a,n/a,n/a,n/a,n/a,n/a,n/a,n/a,n/a,n/a,n/a,,,,,,,,,,,,,,,,,,,,
SPA,4/18/23,3470,,2023,Mammal,PETR,B. bissettii,7/17/23,Newton,n/a,n/a,n/a,n/a,n/a,n/a,n/a,n/a,n/a,n/a,n/a,n/a,n/a,n/a,n/a,n/a,n/a,n/a,n/a,n/a,,,,,,,,,,,,,,,,,,,,
SPA,5/9/23,3472,,2023,Mammal,PETR,B. burgdorferi ,7/19/23,Newton,n/a,n/a,n/a,n/a,n/a,n/a,n/a,n/a,n/a,n/a,n/a,n/a,n/a,n/a,n/a,n/a,n/a,n/a,n/a,n/a,,,,,,,,,,,,,,,,,,,,
SPC,4/18/23,3476,,2023,Mammal,PEMA,B. burgdorferi ,7/17/23,Newton,n/a,n/a,n/a,n/a,n/a,n/a,n/a,n/a,n/a,n/a,n/a,n/a,n/a,n/a,n/a,n/a,n/a,n/a,n/a,n/a,,,,,,,,,,,,,,,,,,,,
SPC,5/9/23,A762,,2023,Mammal,PEMA,B. burgdorferi ,7/20/23,Newton,n/a,n/a,n/a,n/a,n/a,n/a,n/a,n/a,n/a,n/a,n/a,n/a,n/a,n/a,n/a,n/a,n/a,n/a,n/a,n/a,,,,,,,,,,,,,,,,,,,,
SPV,4/20/23,3120,Cant find,2023,Mammal,NEFU,B. burgdorferi ,7/17/23,Newton,n/a,n/a,n/a,n/a,n/a,n/a,n/a,n/a,n/a,n/a,n/a,n/a,n/a,n/a,n/a,n/a,n/a,n/a,n/a,n/a,n/a,n/a,n/a,n/a,n/a,n/a,n/a,n/a,n/a,n/a,n/a,n/a,n/a,n/a,n/a,n/a,n/a,n/a,n/a,n/a
SPV,5/12/2023,S555,Cant find,2023,Mammal,NEFU,B. burgdorferi ,7/27/23,Newton,n/a,n/a,n/a,n/a,n/a,n/a,n/a,n/a,n/a,n/a,n/a,n/a,n/a,n/a,n/a,n/a,n/a,n/a,n/a,n/a,n/a,n/a,n/a,n/a,n/a,n/a,n/a,n/a,n/a,n/a,n/a,n/a,n/a,n/a,n/a,n/a,n/a,n/a,n/a,n/a
SPV,4/20/23,A750,,2023,Mammal,PEMA,B. burgdorferi ,7/17/23,Newton,n/a,n/a,n/a,n/a,n/a,n/a,n/a,n/a,n/a,n/a,n/a,n/a,n/a,n/a,n/a,n/a,n/a,n/a,n/a,n/a,,,,,,,,,,,,,,,,,,,,
SPV,4/20/23,3124,,2023,Mammal,PEMA,B. bissettii,7/17/23,Newton,n/a,n/a,n/a,n/a,n/a,n/a,n/a,n/a,n/a,n/a,n/a,n/a,n/a,n/a,n/a,n/a,n/a,n/a,n/a,n/a,,,,,,,,,,,,,,,,,,,,
SPV,4/20/23,S577,,2023,Mammal,PEMA,B. burgdorferi ,7/17/23,Newton,n/a,n/a,n/a,n/a,n/a,n/a,n/a,n/a,n/a,n/a,n/a,n/a,n/a,n/a,n/a,n/a,n/a,n/a,n/a,n/a,,,,,,,,,,,,,,,,,,,,
SPV,4/20/23,3483,,2023,Mammal,PEMA,B. burgdorferi ,7/17/23,Newton,n/a,n/a,n/a,n/a,n/a,n/a,n/a,n/a,n/a,n/a,n/a,n/a,n/a,n/a,n/a,n/a,n/a,n/a,n/a,n/a,,,,,,,,,,,,,,,,,,,,
SPV,4/20/23,S578,,2023,Mammal,PEMA,B. burgdorferi ,7/17/23,Newton,n/a,n/a,n/a,n/a,n/a,n/a,n/a,n/a,n/a,n/a,n/a,n/a,n/a,n/a,n/a,n/a,n/a,n/a,n/a,n/a,,,,,,,,,,,,,,,,,,,,
SPV,4/20/23,3485,,2023,Mammal,PEMA,B. burgdorferi ,7/17/23,Newton,n/a,n/a,n/a,n/a,n/a,n/a,n/a,n/a,n/a,n/a,n/a,n/a,n/a,n/a,n/a,n/a,n/a,n/a,n/a,n/a,,,,,,,,,,,,,,,,,,,,
SPV,4/20/23,S581,Cant find,2023,Mammal,PEMA,B. burgdorferi ,7/17/23,Newton,n/a,n/a,n/a,n/a,n/a,n/a,n/a,n/a,n/a,n/a,n/a,n/a,n/a,n/a,n/a,n/a,n/a,n/a,n/a,n/a,n/a,n/a,n/a,n/a,n/a,n/a,n/a,n/a,n/a,n/a,n/a,n/a,n/a,n/a,n/a,n/a,n/a,n/a,n/a,n/a
SPV,5/12/2023,S553,,2023,Mammal,PEMA,B. bissettii,7/27/23,Newton,n/a,n/a,n/a,n/a,n/a,n/a,n/a,n/a,n/a,n/a,n/a,n/a,n/a,n/a,n/a,n/a,n/a,n/a,n/a,n/a,,,,,,,,,,,,,,,,,,,,
SPV,4/20/23,3484,,2023,Mammal,PETR,B. burgdorferi ,7/17/23,Newton,n/a,n/a,n/a,n/a,n/a,n/a,n/a,n/a,n/a,n/a,n/a,n/a,n/a,n/a,n/a,n/a,n/a,n/a,n/a,n/a,,,,,,,,,,,,,,,,,,,,
CMV,4/3/24,CMV.020,,2024,Tick,IPAC,,7/8/24,Newton,,,,,,,,,,,,,,,,,,,,,n/a,n/a,n/a,n/a,n/a,n/a,n/a,n/a,n/a,n/a,n/a,n/a,n/a,n/a,n/a,n/a,n/a,n/a,n/a,n/a
FLV,4/15/24,FLV.029,,2024,Tick,IPAC,B. burgdorferi ,7/25/24,Chiu,,,,,,,,,,,,,,,,,,,,,n/a,n/a,n/a,n/a,n/a,n/a,n/a,n/a,n/a,n/a,n/a,n/a,n/a,n/a,n/a,n/a,n/a,n/a,n/a,n/a
FLA,4/11/24,FLA.014,AL,2024,Tick,IPAC,B. burgdorferi ,7/29/24,Chiu,,,,,,,,,,,,,,,,,,,,,n/a,n/a,n/a,n/a,n/a,n/a,n/a,n/a,n/a,n/a,n/a,n/a,n/a,n/a,n/a,n/a,n/a,n/a,n/a,n/a
FLA,4/11/24,FLA.019,AL,2024,Tick,IPAC,B. burgdorferi ,7/29/24,Newton,,,,,,,,,,,,,,,,,,,,,n/a,n/a,n/a,n/a,n/a,n/a,n/a,n/a,n/a,n/a,n/a,n/a,n/a,n/a,n/a,n/a,n/a,n/a,n/a,n/a
FLA,4/16/24,FLA.031,,2024,Tick,IPAC,B. burgdorferi ,7/29/24,Newton,,,,,,,,,,,,,,,,,,,,,n/a,n/a,n/a,n/a,n/a,n/a,n/a,n/a,n/a,n/a,n/a,n/a,n/a,n/a,n/a,n/a,n/a,n/a,n/a,n/a
FLA,4/16/24,FLA.046,,2024,Tick,IPAC,B. burgdorferi ,7/29/24,Newton,,,,,,,,,,,,,,,,,,,,,n/a,n/a,n/a,n/a,n/a,n/a,n/a,n/a,n/a,n/a,n/a,n/a,n/a,n/a,n/a,n/a,n/a,n/a,n/a,n/a
FLA,4/16/24,FLA.047,,2024,Tick,IPAC,B. burgdorferi ,7/29/24,Newton,,,,,,,,,,,,,,,,,,,,,n/a,n/a,n/a,n/a,n/a,n/a,n/a,n/a,n/a,n/a,n/a,n/a,n/a,n/a,n/a,n/a,n/a,n/a,n/a,n/a
FLA,4/16/24,FLA.048,,2024,Tick,IPAC,B. burgdorferi ,7/29/24,Newton,,,,,,,,,,,,,,,,,,,,,n/a,n/a,n/a,n/a,n/a,n/a,n/a,n/a,n/a,n/a,n/a,n/a,n/a,n/a,n/a,n/a,n/a,n/a,n/a,n/a
EWV,4/30/24,EWV.055,,2024,Tick,IPAC, No Sequence Simularity,9/12/24,Oram,,,,,,,,,,,,,,,,,,,,,n/a,n/a,n/a,n/a,n/a,n/a,n/a,n/a,n/a,n/a,n/a,n/a,n/a,n/a,n/a,n/a,n/a,n/a,n/a,n/a
EWA,4/24/24,EWA.007,,2024,Tick,IPAC, No Sequence Simularity,8/12/24,Newton,,,,,,,,,,,,,,,,,,,,,n/a,n/a,n/a,n/a,n/a,n/a,n/a,n/a,n/a,n/a,n/a,n/a,n/a,n/a,n/a,n/a,n/a,n/a,n/a,n/a
EWA,4/24/24,EWA.008,,2024,Tick,IPAC, No Sequence Simularity,8/12/24,Newton,,,,,,,,,,,,,,,,,,,,,n/a,n/a,n/a,n/a,n/a,n/a,n/a,n/a,n/a,n/a,n/a,n/a,n/a,n/a,n/a,n/a,n/a,n/a,n/a,n/a
EWA,4/24/24,EWA.009,AL,2024,Tick,IPAC, No Sequence Simularity,8/12/24,Newton,,,,,,,,,,,,,,,,,,,,,n/a,n/a,n/a,n/a,n/a,n/a,n/a,n/a,n/a,n/a,n/a,n/a,n/a,n/a,n/a,n/a,n/a,n/a,n/a,n/a
EWA,4/24/24,EWA.010,,2024,Tick,IPAC,B. burgdorferi /bissettii,8/12/24,Newton,,,,,,,,,,,,,,,,,,,,,n/a,n/a,n/a,n/a,n/a,n/a,n/a,n/a,n/a,n/a,n/a,n/a,n/a,n/a,n/a,n/a,n/a,n/a,n/a,n/a
EWA,4/29/24,EWA.012,,2024,Tick,IPAC, No Sequence Simularity,8/12/24,Newton,,,,,,,,,,,,,,,,,,,,,n/a,n/a,n/a,n/a,n/a,n/a,n/a,n/a,n/a,n/a,n/a,n/a,n/a,n/a,n/a,n/a,n/a,n/a,n/a,n/a
EWA,4/29/24,EWA.013,,2024,Tick,IPAC, No Sequence Simularity,8/12/24,Newton,,,,,,,,,,,,,,,,,,,,,n/a,n/a,n/a,n/a,n/a,n/a,n/a,n/a,n/a,n/a,n/a,n/a,n/a,n/a,n/a,n/a,n/a,n/a,n/a,n/a
EWA,4/29/24,EWA.014,,2024,Tick,IPAC,B. burgdorferi ,8/12/24,Newton,,,,,,,,,,,,,,,,,,,,,n/a,n/a,n/a,n/a,n/a,n/a,n/a,n/a,n/a,n/a,n/a,n/a,n/a,n/a,n/a,n/a,n/a,n/a,n/a,n/a
EWA,4/29/24,EWA.015,,2024,Tick,IPAC,B. burgdorferi ,8/12/24,Newton,,,,,,,,,,,,,,,,,,,,,n/a,n/a,n/a,n/a,n/a,n/a,n/a,n/a,n/a,n/a,n/a,n/a,n/a,n/a,n/a,n/a,n/a,n/a,n/a,n/a
EWA,4/29/24,EWA.023,,2024,Tick,IPAC, No Sequence Simularity,8/12/24,Newton,,,,,,,,,,,,,,,,,,,,,n/a,n/a,n/a,n/a,n/a,n/a,n/a,n/a,n/a,n/a,n/a,n/a,n/a,n/a,n/a,n/a,n/a,n/a,n/a,n/a
EWA,4/29/24,EWA.024,,2024,Tick,IPAC, No Sequence Simularity,8/12/24,Newton,,,,,,,,,,,,,,,,,,,,,n/a,n/a,n/a,n/a,n/a,n/a,n/a,n/a,n/a,n/a,n/a,n/a,n/a,n/a,n/a,n/a,n/a,n/a,n/a,n/a
EWA,4/29/24,EWA.025,,2024,Tick,IPAC, No Sequence Simularity,8/12/24,Newton,,,,,,,,,,,,,,,,,,,,,n/a,n/a,n/a,n/a,n/a,n/a,n/a,n/a,n/a,n/a,n/a,n/a,n/a,n/a,n/a,n/a,n/a,n/a,n/a,n/a
EWA,4/29/24,EWA.026,,2024,Tick,IPAC, No Sequence Simularity,8/12/24,Newton,,,,,,,,,,,,,,,,,,,,,n/a,n/a,n/a,n/a,n/a,n/a,n/a,n/a,n/a,n/a,n/a,n/a,n/a,n/a,n/a,n/a,n/a,n/a,n/a,n/a
SPC,5/7/24,SPC.006,,2024,Tick,IPAC,B. burgdorferi ,8/13/24,Newton,,,,,,,,,,,,,,,,,,,,,n/a,n/a,n/a,n/a,n/a,n/a,n/a,n/a,n/a,n/a,n/a,n/a,n/a,n/a,n/a,n/a,n/a,n/a,n/a,n/a
SPC,5/7/24,SPC.009,AL,2024,Tick,IPAC,B. burgdorferi ,8/13/24,Newton,,,,,,,,,,,,,,,,,,,,,n/a,n/a,n/a,n/a,n/a,n/a,n/a,n/a,n/a,n/a,n/a,n/a,n/a,n/a,n/a,n/a,n/a,n/a,n/a,n/a
SPC,5/7/24,SPC.029,,2024,Tick,IPAC,B. burgdorferi ,8/13/24,Newton,,,,,,,,,,,,,,,,,,,,,n/a,n/a,n/a,n/a,n/a,n/a,n/a,n/a,n/a,n/a,n/a,n/a,n/a,n/a,n/a,n/a,n/a,n/a,n/a,n/a
SPC,5/7/24,SPC.031,,2024,Tick,IPAC,B. burgdorferi ,8/13/24,Newton,,,,,,,,,,,,,,,,,,,,,n/a,n/a,n/a,n/a,n/a,n/a,n/a,n/a,n/a,n/a,n/a,n/a,n/a,n/a,n/a,n/a,n/a,n/a,n/a,n/a
SPC,5/7/24,SPC.045,,2024,Tick,IPAC,B. burgdorferi ,8/14/24,Newton,,,,,,,,,,,,,,,,,,,,,n/a,n/a,n/a,n/a,n/a,n/a,n/a,n/a,n/a,n/a,n/a,n/a,n/a,n/a,n/a,n/a,n/a,n/a,n/a,n/a
SPC,5/7/24,SPC.046,,2024,Tick,IPAC,B. burgdorferi ,8/14/24,Newton,,,,,,,,,,,,,,,,,,,,,n/a,n/a,n/a,n/a,n/a,n/a,n/a,n/a,n/a,n/a,n/a,n/a,n/a,n/a,n/a,n/a,n/a,n/a,n/a,n/a
SPC,5/7/24,SPC.048,,2024,Tick,IPAC,B. burgdorferi ,8/14/24,Newton,,,,,,,,,,,,,,,,,,,,,n/a,n/a,n/a,n/a,n/a,n/a,n/a,n/a,n/a,n/a,n/a,n/a,n/a,n/a,n/a,n/a,n/a,n/a,n/a,n/a
SPC,5/7/24,SPC.055,,2024,Tick,IPAC,B. burgdorferi ,8/14/24,Newton,,,,,,,,,,,,,,,,,,,,,n/a,n/a,n/a,n/a,n/a,n/a,n/a,n/a,n/a,n/a,n/a,n/a,n/a,n/a,n/a,n/a,n/a,n/a,n/a,n/a
SPC,5/7/24,SPC.060,,2024,Tick,IPAC,B. burgdorferi ,8/14/24,Newton,,,,,,,,,,,,,,,,,,,,,n/a,n/a,n/a,n/a,n/a,n/a,n/a,n/a,n/a,n/a,n/a,n/a,n/a,n/a,n/a,n/a,n/a,n/a,n/a,n/a
SPC,5/7/24,SPC.065,,2024,Tick,IPAC,B. burgdorferi ,8/14/24,Newton,,,,,,,,,,,,,,,,,,,,,n/a,n/a,n/a,n/a,n/a,n/a,n/a,n/a,n/a,n/a,n/a,n/a,n/a,n/a,n/a,n/a,n/a,n/a,n/a,n/a
SPC,5/7/24,SPC.067,,2024,Tick,IPAC,B. burgdorferi ,8/14/24,Newton,,,,,,,,,,,,,,,,,,,,,n/a,n/a,n/a,n/a,n/a,n/a,n/a,n/a,n/a,n/a,n/a,n/a,n/a,n/a,n/a,n/a,n/a,n/a,n/a,n/a
SPC,5/7/24,SPC.068,,2024,Tick,IPAC,B. burgdorferi ,8/14/24,Newton,,,,,,,,,,,,,,,,,,,,,n/a,n/a,n/a,n/a,n/a,n/a,n/a,n/a,n/a,n/a,n/a,n/a,n/a,n/a,n/a,n/a,n/a,n/a,n/a,n/a
SPC,5/14/24,SPC.078,,2024,Tick,IPAC,B. burgdorferi ,8/14/24,Newton,,,,,,,,,,,,,,,,,,,,,n/a,n/a,n/a,n/a,n/a,n/a,n/a,n/a,n/a,n/a,n/a,n/a,n/a,n/a,n/a,n/a,n/a,n/a,n/a,n/a
CCSP,5/7/24,S475,,2024,Mammal,NEFU,B. burgdorferi,7/15/24,Chiu,,,,,,,,,,,,,,,,,,,,,,,,,,,,,,,,,,,,,,,,
CCSP,5/7/24,C719,,2024,Mammal,NEFU,B. burgdorferi,7/15/24,Chiu,,,,,,,,,,,,,,,,,,,,,,,,,,,,,,,,,,,,,,,,
CCSP,5/7/24,A759,,2024,Mammal,NEFU,B. burgdorferi,7/16/24,Newton,,,,,,,,,,,,,,,,,,,,,,,,,,,,,,,,,,,,,,,,
CCSP,5/7/24,S452,,2024,Mammal,NEFU,B. burgdorferi,7/16/24,Newton,,,,,,,,,,,,,,,,,,,,,,,,,,,,,,,,,,,,,,,,
CCSP,5/9/24,S466,,2024,Mammal,NEFU,B. burgdorferi,7/16/24,Newton,,,,,,,,,,,,,,,,,,,,,,,,,,,,,,,,,,,,,,,,
CCSP,5/7/24,S474,,2024,Mammal,PEMA,B. burgdorferi,7/15/24,Chiu,,,,,,,,,,,,,,,,,,,,,,,,,,,,,,,,,,,,,,,,
CMV,4/2/2024,A412,,2024,Mammal,PETR,B. bissettii,5/27/24,Newton,,,,,,,,,,,,,,,,,,,,,,,,,,,,,,,,,,,,,,,,
EWV,4/23/24,3451,,2024,Mammal,NEFU,B. burgdorferi,7/8/24,Chiu,,,,,,,,,,,,,,,,,,,,,,,,,,,,,,,,,,,,,,,,
EWV,4/24/24,M622,,2024,Mammal,PETR,B. burgdorferi /bissettii,7/8/24,Chiu,,,,,,,,,,,,,,,,,,,,,,,,,,,,,,,,,,,,,,,,
FLC,4/11/2024,S278,,2024,Mammal,PETR,B. burgdorferi,6/26/24,Newton,,,,,,,,,,,,,,,,,,,,,,,,,,,,,,,,,,,,,,,,
FLV,4/11/2024,A219,,2024,Mammal,PETR,B. burgdorferi,6/24/24,Newton,,,,,,,,,,,,,,,,,,,,,,,,,,,,,,,,,,,,,,,,
SPA,5/15/24,S490,,2024,Mammal,MICA,B. burgdorferi /bissettii,7/22/24,Medearis ,,,,,,,,,,,,,,,,,,,,,,,,,,,,,,,,,,,,,,,,
SPA,5/14/24,C672,,2024,Mammal,NEFU,B. burgdorferi,7/16/24,Newton,,,,,,,,,,,,,,,,,,,,,,,,,,,,,,,,,,,,,,,,
SPA,5/14/24,C653,,2024,Mammal,NEFU,B. burgdorferi /bissettii,7/16/24,Newton,,,,,,,,,,,,,,,,,,,,,,,,,,,,,,,,,,,,,,,,
SPA,5/14/24,C674,,2024,Mammal,NEFU,B. burgdorferi /bissettii,7/16/24,Newton,,,,,,,,,,,,,,,,,,,,,,,,,,,,,,,,,,,,,,,,
SPA,5/14/24,S546,,2024,Mammal,NEFU,B. burgdorferi /bissettii,7/16/24,Newton,,,,,,,,,,,,,,,,,,,,,,,,,,,,,,,,,,,,,,,,
SPA,5/14/24,S447,,2024,Mammal,NEFU,B. burgdorferi /bissettii,7/17/24,Chiu,,,,,,,,,,,,,,,,,,,,,,,,,,,,,,,,,,,,,,,,
SPA,5/14/24,C714,,2024,Mammal,NEFU,B. burgdorferi /bissettii,7/17/24,Chiu,,,,,,,,,,,,,,,,,,,,,,,,,,,,,,,,,,,,,,,,
SPA,5/14/24,S544,,2024,Mammal,NEFU,B. burgdorferi /bissettii,7/17/24,Chiu,,,,,,,,,,,,,,,,,,,,,,,,,,,,,,,,,,,,,,,,
SPA,5/14/24,S497,,2024,Mammal,NEFU,B. burgdorferi /bissettii,7/18/24,Louie,,,,,,,,,,,,,,,,,,,,,,,,,,,,,,,,,,,,,,,,
SPA,5/14/24,S494,,2024,Mammal,NEFU,B. burgdorferi /bissettii,7/18/24,Louie,,,,,,,,,,,,,,,,,,,,,,,,,,,,,,,,,,,,,,,,
SPA,5/15/24,C657,,2024,Mammal,NEFU,B. burgdorferi /bissettii,7/22/24,Medearis,,,,,,,,,,,,,,,,,,,,,,,,,,,,,,,,,,,,,,,,
SPA,5/14/24,S479,Cant find,2024,Mammal,PEMA,B. burgdorferi /bissettii,7/17/24,Chiu,n/a,n/a,n/a,n/a,n/a,n/a,n/a,n/a,n/a,n/a,n/a,n/a,n/a,n/a,n/a,n/a,n/a,n/a,n/a,n/a,,,,,,,,,,,,,,,,,,,,
SPA,5/14/24,S444,Cant find,2024,Mammal,PEMA,B. burgdorferi /bissettii,7/17/24,Chiu,n/a,n/a,n/a,n/a,n/a,n/a,n/a,n/a,n/a,n/a,n/a,n/a,n/a,n/a,n/a,n/a,n/a,n/a,n/a,n/a,,,,,,,,,,,,,,,,,,,,
SPA,5/14/24,C608,,2024,Mammal,PETR,B. burgdorferi /bissettii,7/16/24,Louie,,,,,,,,,,,,,,,,,,,,,,,,,,,,,,,,,,,,,,,,
SPV,5/7/24,S555,,2024,Mammal,NEFU,B. burgdorferi,7/11/24,Newton,,,,,,,,,,,,,,,,,,,,,,,,,,,,,,,,,,,,,,,,
SPV,5/7/24,C611,,2024,Mammal,PEMA,B. burgdorferi,7/11/24,Newton,,,,,,,,,,,,,,,,,,,,,,,,,,,,,,,,,,,,,,,,
SPV,5/9/23,C675,,2024,Mammal,PETR,B. burgdorferi,7/15/24,Chiu,,,,,,,,,,,,,,,,,,,,,,,,,,,,,,,,,,,,,,,,
WH,4/2/2024,3162,,2024,Mammal,PETR,B. burgdorferi,6/20/24,Newton,,,,,,,,,,,,,,,,,,,,,,,,,,,,,,,,,,,,,,,,
WH,4/3/2024,3194,,2024,Mammal,PETR,B. burgdorferi,6/20/24,Newton,,,,,,,,,,,,,,,,,,,,,,,,,,,,,,,,,,,,,,,,
,,,,,,,,,,,,,,,,,,,,,,,,,,,,,,,,,,,,,,,,,,,,,,,,,
,,,,,,,,,,,,,,,,,,,,,,,,,,,,,,,,,,,,,,,,,,,,,,,,,
,,,,,,,,,,,,,,,,,,,,,,,,,,,,,,,,,,,,,,,,,,,,,,,,,
,,,,,,,,,,,,,,,,,,,,,,,,,,,,,,,,,,,,,,,,,,,,,,,,,
,,,,,,,,,,,,,,,,,,,,,,,,,,,,,,,,,,,,,,,,,,,,,,,,,
,,,,,,,,,,,,,,,,,,,,,,,,,,,,,,,,,,,,,,,,,,,,,,,,,
,,,,,,,,,,,,,,,,,,,,,,,,,,,,,,,,,,,,,,,,,,,,,,,,,
,,,,,,,,,,,,,,,,,,,,,,,,,,,,,,,,,,,,,,,,,,,,,,,,,
,,,,,,,,,,,,,,,,,,,,,,,,,,,,,,,,,,,,,,,,,,,,,,,,,
,,,,,,,,,,,,,,,,,,,,,,,,,,,,,,,,,,,,,,,,,,,,,,,,,
,,,,,,,,,,,,,,,,,,,,,,,,,,,,,,,,,,,,,,,,,,,,,,,,,
,,,,,,,,,,,,,,,,,,,,,,,,,,,,,,,,,,,,,,,,,,,,,,,,,
,,,,,,,,,,,,,,,,,,,,,,,,,,,,,,,,,,,,,,,,,,,,,,,,,
,,,,,,,,,,,,,,,,,,,,,,,,,,,,,,,,,,,,,,,,,,,,,,,,,
,,,,,,,,,,,,,,,,,,,,,,,,,,,,,,,,,,,,,,,,,,,,,,,,,
,,,,,,,,,,,,,,,,,,,,,,,,,,,,,,,,,,,,,,,,,,,,,,,,,
,,,,,,,,,,,,,,,,,,,,,,,,,,,,,,,,,,,,,,,,,,,,,,,,,
,,,,,,,,,,,,,,,,,,,,,,,,,,,,,,,,,,,,,,,,,,,,,,,,,
,,,,,,,,,,,,,,,,,,,,,,,,,,,,,,,,,,,,,,,,,,,,,,,,,
,,,,,,,,,,,,,,,,,,,,,,,,,,,,,,,,,,,,,,,,,,,,,,,,,
,,,,,,,,,,,,,,,,,,,,,,,,,,,,,,,,,,,,,,,,,,,,,,,,,
,,,,,,,,,,,,,,,,,,,,,,,,,,,,,,,,,,,,,,,,,,,,,,,,,
,,,,,,,,,,,,,,,,,,,,,,,,,,,,,,,,,,,,,,,,,,,,,,,,,
,,,,,,,,,,,,,,,,,,,,,,,,,,,,,,,,,,,,,,,,,,,,,,,,,
,,,,,,,,,,,,,,,,,,,,,,,,,,,,,,,,,,,,,,,,,,,,,,,,,
,,,,,,,,,,,,,,,,,,,,,,,,,,,,,,,,,,,,,,,,,,,,,,,,,
,,,,,,,,,,,,,,,,,,,,,,,,,,,,,,,,,,,,,,,,,,,,,,,,,
,,,,,,,,,,,,,,,,,,,,,,,,,,,,,,,,,,,,,,,,,,,,,,,,,
,,,,,,,,,,,,,,,,,,,,,,,,,,,,,,,,,,,,,,,,,,,,,,,,,
,,,,,,,,,,,,,,,,,,,,,,,,,,,,,,,,,,,,,,,,,,,,,,,,,
,,,,,,,,,,,,,,,,,,,,,,,,,,,,,,,,,,,,,,,,,,,,,,,,,
,,,,,,,,,,,,,,,,,,,,,,,,,,,,,,,,,,,,,,,,,,,,,,,,,
,,,,,,,,,,,,,,,,,,,,,,,,,,,,,,,,,,,,,,,,,,,,,,,,,
,,,,,,,,,,,,,,,,,,,,,,,,,,,,,,,,,,,,,,,,,,,,,,,,,
,,,,,,,,,,,,,,,,,,,,,,,,,,,,,,,,,,,,,,,,,,,,,,,,,
,,,,,,,,,,,,,,,,,,,,,,,,,,,,,,,,,,,,,,,,,,,,,,,,,
,,,,,,,,,,,,,,,,,,,,,,,,,,,,,,,,,,,,,,,,,,,,,,,,,
,,,,,,,,,,,,,,,,,,,,,,,,,,,,,,,,,,,,,,,,,,,,,,,,,
